10.457,10.457,10.457,10.457,10.457,10.457,10.457,10.457,10.531,10.634,10.682,10.682,10.387,10.387,10.387,10.448,10.448,10.585,10.585,10.585,10.352,10.352,10.352,10.912,10.912,10.352,10.912,10.912,10.912,10.912,10.912,10.912,10.912,10.912,10.912,10.912,10.912,10.912,10.912,10.762,10.912,10.912,10.912,10.912,10.912,10.912,10.912,10.912,10.912,10.757,10.912,10.575,10.575,10.757,10.762,10.575,10.912,10.762,10.575,10.388,10.575,10.762,10.155,10.388,10.388,10.155,8.876,10.155,10.155,10.155
10.223,10.223,10.223,10.223,10.223,10.223,10.223,10.223,10.482,10.553,10.538,10.626,10.233,10.233,10.233,10.389,10.389,10.422,10.422,10.422,10.182,10.182,10.182,10.617,10.617,10.182,10.617,10.617,10.617,10.617,10.617,10.617,10.617,10.617,10.617,10.617,10.617,10.617,10.617,10.674,10.617,10.617,10.617,10.617,10.617,10.617,10.617,10.617,10.617,10.634,10.617,10.231,10.231,10.634,10.674,10.231,10.617,10.674,10.231,10.213,10.231,10.674,9.9312,10.213,10.213,9.9312,8.6237,9.9312,9.9312,9.9312
9.9479,9.9479,9.9479,9.9479,9.9479,9.9479,9.9479,9.9479,10.146,10.064,10.074,10.172,10.017,10.017,10.017,10.18,10.18,10.03,10.03,10.03,9.8508,9.8508,9.8508,10.198,10.198,9.8508,10.198,10.198,10.198,10.198,10.198,10.198,10.198,10.198,10.198,10.198,10.198,10.198,10.198,10.067,10.198,10.198,10.198,10.198,10.198,10.198,10.198,10.198,10.198,10.249,10.198,9.8464,9.8464,10.249,10.067,9.8464,10.198,10.067,9.8464,9.7329,9.8464,10.067,9.6218,9.7329,9.7329,9.6218,8.3536,9.6218,9.6218,9.6218
9.8219,9.8219,9.8219,9.8219,9.8219,9.8219,9.8219,9.8219,10.017,9.942,9.9123,10.178,10.103,9.8373,9.8373,10.161,10.161,10.001,10.001,10.001,9.7652,9.7652,9.7652,10.396,10.396,9.7652,10.396,10.396,10.396,10.396,10.396,10.396,10.396,10.396,10.396,10.396,10.396,10.396,10.396,10.021,10.396,10.396,10.396,10.396,10.396,10.396,10.396,10.396,10.396,10.097,10.396,9.7427,9.7427,10.097,10.021,9.7427,10.396,10.021,9.7427,9.8139,9.7427,10.021,9.6004,9.8139,9.8139,9.6004,8.5342,9.6004,9.6004,9.6004
9.8054,9.8054,9.8054,9.8054,9.8054,9.8054,9.8054,9.8054,10.053,10.176,9.9401,10.13,10.124,9.965,9.965,10.261,10.261,9.9248,9.9248,9.9248,9.8044,9.8044,9.8044,10.346,10.346,9.8044,10.346,10.346,10.346,10.346,10.346,10.346,10.346,10.346,10.346,10.346,10.346,10.346,10.346,9.922,10.346,10.346,10.346,10.346,10.346,10.346,10.346,10.346,10.346,10.18,10.346,9.7157,9.7157,10.18,9.922,9.7157,10.346,9.922,9.7157,9.8371,9.7157,9.922,9.6346,9.8371,9.8371,9.6346,8.428,9.6346,9.6346,9.6346
10.098,10.098,10.098,10.098,10.098,10.098,10.098,10.098,10.095,10.222,10.026,10.335,10.278,10.27,10.27,10.436,10.436,10.23,10.23,10.23,10.049,10.049,10.049,10.237,10.237,10.049,10.237,10.237,10.237,10.237,10.237,10.237,10.237,10.237,10.237,10.237,10.237,10.237,10.237,10.087,10.237,10.237,10.237,10.237,10.237,10.237,10.237,10.237,10.237,10.433,10.237,9.8899,9.8899,10.433,10.087,9.8899,10.237,10.087,9.8899,9.8769,9.8899,10.087,9.6669,9.8769,9.8769,9.6669,8.0781,9.6669,9.6669,9.6669
10.496,10.496,10.496,10.496,10.496,10.496,10.496,10.496,10.417,10.506,10.408,10.809,10.72,10.579,10.579,10.886,10.886,10.478,10.478,10.478,10.391,10.391,10.391,10.423,10.423,10.391,10.423,10.423,10.423,10.423,10.423,10.423,10.423,10.423,10.423,10.423,10.423,10.423,10.423,10.686,10.423,10.423,10.423,10.423,10.423,10.423,10.423,10.423,10.423,10.885,10.423,10.517,10.517,10.885,10.686,10.517,10.423,10.686,10.517,10.204,10.517,10.686,10.096,10.204,10.204,10.096,8.4265,10.096,10.096,10.096
10.606,10.606,10.606,10.606,10.606,10.606,10.606,10.606,10.439,10.6,10.504,10.749,10.84,10.643,10.643,11.003,11.003,10.907,10.907,10.907,10.513,10.513,10.513,10.245,10.245,10.513,10.245,10.245,10.245,10.245,10.245,10.245,10.245,10.245,10.245,10.245,10.245,10.245,10.245,10.703,10.245,10.245,10.245,10.245,10.245,10.245,10.245,10.245,10.245,11.061,10.245,10.761,10.761,11.061,10.703,10.761,10.245,10.703,10.761,10.257,10.761,10.703,10.273,10.257,10.257,10.273,7.9972,10.273,10.273,10.273
10.563,10.563,10.563,10.563,10.563,10.563,10.563,10.563,10.467,10.666,10.593,11.025,11.08,10.692,10.692,11.092,11.092,10.883,10.883,10.883,10.705,10.705,10.705,10.549,10.549,10.705,10.549,10.549,10.549,10.549,10.549,10.549,10.549,10.549,10.549,10.549,10.549,10.549,10.549,10.938,10.549,10.549,10.549,10.549,10.549,10.549,10.549,10.549,10.549,11.333,10.549,10.884,10.884,11.333,10.938,10.884,10.549,10.938,10.884,10.053,10.884,10.938,10.438,10.053,10.053,10.438,8.0876,10.438,10.438,10.438
10.995,10.995,10.995,10.995,10.995,10.995,10.995,10.995,10.788,10.927,11.154,11.359,11.515,10.983,10.983,11.446,11.446,11.179,11.179,11.179,10.997,10.997,10.997,10.535,10.535,10.997,10.535,10.535,10.535,10.535,10.535,10.535,10.535,10.535,10.535,10.535,10.535,10.535,10.535,11.412,10.535,10.535,10.535,10.535,10.535,10.535,10.535,10.535,10.535,11.78,10.535,11.248,11.248,11.78,11.412,11.248,10.535,11.412,11.248,10.73,11.248,11.412,10.801,10.73,10.73,10.801,8.1293,10.801,10.801,10.801
11.261,11.261,11.261,11.261,11.261,11.261,11.261,11.261,10.922,10.667,11.48,11.392,11.579,11.138,11.138,11.324,11.324,11.345,11.345,11.345,11.249,11.249,11.249,11.007,11.007,11.249,11.007,11.007,11.007,11.007,11.007,11.007,11.007,11.007,11.007,11.007,11.007,11.007,11.007,11.802,11.007,11.007,11.007,11.007,11.007,11.007,11.007,11.007,11.007,11.381,11.007,11.957,11.957,11.381,11.802,11.957,11.007,11.802,11.957,11.061,11.957,11.802,11.022,11.061,11.061,11.022,8.0568,11.022,11.022,11.022
11.292,11.292,11.292,11.292,11.292,11.292,11.292,11.292,11.05,10.661,11.289,11.392,11.634,11.171,11.171,11.352,11.352,11.301,11.301,11.301,11.172,11.172,11.172,10.98,10.98,11.172,10.98,10.98,10.98,10.98,10.98,10.98,10.98,10.98,10.98,10.98,10.98,10.98,10.98,11.74,10.98,10.98,10.98,10.98,10.98,10.98,10.98,10.98,10.98,11.802,10.98,11.95,11.95,11.802,11.74,11.95,10.98,11.74,11.95,11.211,11.95,11.74,11.398,11.211,11.211,11.398,8.233,11.398,11.398,11.398
11.288,11.288,11.288,11.288,11.288,11.288,11.288,11.288,11.035,10.283,11.15,11.378,11.644,11.088,11.088,11.402,11.402,11.337,11.337,11.337,11.217,11.217,11.217,11.12,11.12,11.217,11.12,11.12,11.12,11.12,11.12,11.12,11.12,11.12,11.12,11.12,11.12,11.12,11.12,11.663,11.12,11.12,11.12,11.12,11.12,11.12,11.12,11.12,11.12,11.548,11.12,11.45,11.45,11.548,11.663,11.45,11.12,11.663,11.45,11.727,11.45,11.663,11.315,11.727,11.727,11.315,8.2202,11.315,11.315,11.315
11.406,11.406,11.406,11.406,11.406,11.406,11.406,11.406,11.415,10.834,10.969,11.422,11.803,11.233,11.233,11.302,11.302,11.552,11.552,11.552,11.415,11.415,11.415,11.605,11.605,11.415,11.605,11.605,11.605,11.605,11.605,11.605,11.605,11.605,11.605,11.605,11.605,11.605,11.605,11.984,11.605,10.671,11.605,10.671,10.671,11.605,11.605,11.605,10.671,11.419,11.605,11.401,11.401,11.419,11.984,11.401,10.671,11.984,11.401,12.263,11.401,11.984,10.208,12.263,12.263,10.208,8.102,10.208,10.208,10.208
11.7,11.7,11.7,11.7,11.7,11.7,11.7,11.7,11.351,10.986,11.373,11.473,11.855,11.279,11.279,11.627,11.627,11.865,11.865,11.865,11.39,11.39,11.39,11.679,11.679,11.39,11.679,11.679,11.679,11.679,11.679,11.679,11.679,11.679,11.679,11.679,11.679,11.679,11.679,12.032,11.679,11.178,11.679,11.178,11.178,11.679,11.679,11.679,11.178,11.856,11.679,11.762,11.762,11.856,12.032,11.762,11.178,12.032,11.762,12.307,11.762,12.032,10.212,12.307,12.307,10.212,7.9524,10.212,10.212,10.212
11.924,11.924,11.924,11.924,11.924,11.924,11.924,11.924,11.387,10.946,11.666,11.522,11.99,11.462,11.462,11.653,11.653,11.999,11.999,11.999,11.481,11.481,11.481,11.742,11.742,11.481,11.742,11.742,11.742,11.742,11.742,11.742,11.742,11.742,11.742,11.742,11.742,11.742,11.742,12.07,11.742,11.151,11.742,11.151,11.151,11.742,11.742,11.742,11.151,11.745,11.742,12.067,12.067,11.745,12.07,12.067,11.151,12.07,12.067,12.526,12.067,12.07,10.22,12.526,12.526,10.22,7.9119,10.22,10.22,10.22
11.959,11.959,11.959,11.959,11.959,11.959,11.959,11.959,11.325,10.881,11.756,11.216,11.982,11.291,11.291,11.512,11.512,11.888,11.888,11.888,11.35,11.35,11.35,11.642,11.642,11.35,11.642,11.642,11.642,11.642,11.642,11.642,11.642,11.642,11.642,11.642,11.642,11.642,11.642,11.809,11.642,11.356,11.642,11.356,11.356,11.642,11.642,11.642,11.356,11.59,11.642,11.986,11.986,11.59,11.809,11.986,11.356,11.809,11.986,12.183,11.986,11.809,9.1914,12.183,12.183,9.1914,8.357,9.1914,9.1914,9.1914
11.699,11.699,11.699,11.699,11.699,11.699,11.699,11.699,11.245,10.837,11.735,11.18,11.899,11.459,11.459,11.478,11.478,11.813,11.813,11.813,11.336,11.336,11.336,11.451,11.451,11.336,11.451,11.451,11.451,11.451,11.451,11.451,11.451,11.451,11.451,11.451,11.451,11.451,11.451,12.079,11.451,11.019,11.451,11.019,11.019,11.451,11.451,11.451,11.019,11.419,11.451,11.843,11.843,11.419,12.079,11.843,11.019,12.079,11.843,11.135,11.843,12.079,9.5902,11.135,11.135,9.5902,7.894,9.5902,9.5902,9.5902
10.932,10.932,10.932,10.932,10.932,10.932,10.932,10.932,10.884,11.164,11.271,10.993,11.615,11.254,11.254,11.03,11.03,11.656,11.656,11.656,11.105,11.105,11.105,11.353,11.353,11.105,11.353,11.353,11.353,11.353,11.353,11.353,11.353,11.353,11.353,11.353,11.353,11.353,11.353,12.056,11.353,10.782,11.353,10.782,10.782,11.353,11.353,11.353,10.782,11.133,11.353,11.74,11.74,11.133,12.056,11.74,10.782,12.056,11.74,10.835,11.74,12.056,9.4736,10.835,10.835,9.4736,8.0735,9.4736,9.4736,9.4736
10.576,10.576,10.576,10.576,10.576,10.576,10.576,10.576,11.041,11.048,11.461,10.75,11.662,11.062,11.062,11.18,11.18,11.495,11.495,11.495,11.058,11.058,11.058,11.228,11.228,11.058,11.228,11.228,11.228,11.228,11.228,11.228,11.228,11.228,11.228,11.228,11.228,11.228,11.228,11.878,11.228,10.745,11.228,10.745,10.745,11.228,11.228,11.228,10.745,11.677,11.228,11.679,11.679,11.677,11.878,11.679,10.745,11.878,11.679,10.143,11.679,11.878,9.4197,10.143,10.143,9.4197,7.8116,9.4197,9.4197,9.4197
10.707,10.707,10.707,10.707,10.707,10.707,10.707,10.707,10.713,11.107,10.753,10.637,11.535,11.231,11.231,10.936,10.936,11.234,11.234,11.234,10.878,10.878,10.878,10.814,10.814,10.878,10.814,10.814,10.814,10.814,10.814,10.814,10.814,10.814,10.814,10.814,10.814,10.814,10.814,12.303,10.814,10.969,10.814,10.969,10.969,10.814,10.814,10.814,10.969,11.718,10.814,11.774,11.774,11.718,12.303,11.774,10.969,12.303,11.774,10.557,11.774,12.303,10.448,10.557,10.557,10.448,8.6318,10.448,10.448,10.448
10.759,10.759,10.759,10.759,10.759,10.759,10.759,10.759,10.6,10.958,10.668,10.713,11.406,11.094,11.094,10.824,10.824,11.091,11.091,11.091,10.817,10.817,10.817,10.718,10.718,10.817,10.718,10.718,10.718,10.718,10.718,10.718,10.718,10.718,10.718,10.718,10.718,10.718,10.718,11.85,10.718,10.976,10.718,10.976,10.976,10.718,10.718,10.718,10.976,11.473,10.718,11.663,11.663,11.473,11.85,11.663,10.976,11.85,11.663,10.339,11.663,11.85,9.9657,10.339,10.339,9.9657,8.1745,9.9657,9.9657,9.9657
10.668,10.668,10.668,10.668,10.668,10.668,10.668,10.668,10.253,10.776,10.355,10.34,11.035,10.6,10.6,10.605,10.605,10.713,10.713,10.713,10.22,10.22,10.22,10.472,10.472,10.22,10.472,10.472,10.472,10.472,10.472,10.472,10.472,10.472,10.472,10.472,10.472,10.472,10.472,11.331,10.472,10.456,10.472,10.456,10.456,10.472,10.472,10.472,10.456,11.118,10.472,11.413,11.413,11.118,11.331,11.413,10.456,11.331,11.413,10.031,11.413,11.331,10.077,10.031,10.031,10.077,8.3041,10.077,10.077,10.077
10.728,10.728,10.728,10.728,10.728,10.728,10.728,10.728,10.238,10.262,10.272,10.522,11.12,10.379,10.379,10.702,10.702,10.761,10.761,10.761,10.4,10.4,10.4,10.493,10.493,10.4,10.493,10.493,10.493,10.493,10.493,10.493,10.493,10.493,10.493,10.493,10.493,10.493,10.493,10.938,10.493,10.285,10.493,10.285,10.285,10.493,10.493,10.493,10.285,11.019,10.493,11.227,11.227,11.019,10.938,11.227,10.285,10.938,11.227,10.329,11.227,10.938,9.5478,10.329,10.329,9.5478,7.8792,9.5478,9.5478,9.5478
10.911,10.911,10.911,10.911,10.911,10.911,10.911,10.911,10.096,10.362,10.152,10.233,10.696,10.472,10.472,10.311,10.311,10.755,10.755,10.755,10.172,10.172,10.172,10.273,10.273,10.172,10.273,10.273,10.273,10.273,10.273,10.273,10.273,10.273,10.273,10.273,10.273,10.273,10.273,10.883,10.273,10.324,10.273,10.324,10.324,10.273,10.273,10.273,10.324,10.449,10.273,11.08,11.08,10.449,10.883,11.08,10.324,10.883,11.08,10.927,11.08,10.883,9.9081,10.927,10.927,9.9081,8.1022,9.9081,9.9081,9.9081
10.695,10.695,10.695,10.695,10.695,10.695,10.695,10.695,9.9739,10.319,10.087,10.157,10.613,10.156,10.156,10.198,10.198,10.56,10.56,10.56,10.005,10.005,10.005,10.125,10.125,10.005,10.125,10.125,10.125,10.125,10.125,10.125,10.125,10.125,10.125,10.125,10.125,10.125,10.125,10.718,10.125,10.178,10.125,10.178,10.178,10.125,10.125,10.125,10.178,10.631,10.125,10.858,10.858,10.631,10.718,10.858,10.178,10.718,10.858,10.811,10.858,10.718,9.7347,10.811,10.811,9.7347,8.1819,9.7347,9.7347,9.7347
10.626,10.626,10.626,10.626,10.626,10.626,10.626,10.626,9.9279,10.112,9.9552,10.059,10.458,10.123,10.123,10.076,10.076,10.444,10.444,10.444,9.8924,9.8924,9.8924,10.055,10.055,9.8924,10.055,10.055,10.055,10.055,10.055,10.055,10.055,10.055,10.055,10.055,10.055,10.055,10.055,10.508,10.055,9.9115,10.055,9.9115,9.9115,10.055,10.055,10.055,9.9115,9.7234,10.055,10.316,10.316,9.7234,10.508,10.316,9.9115,10.508,10.316,10.363,10.316,10.508,9.6839,10.363,10.363,9.6839,8.1544,9.6839,9.6839,9.6839
10.535,10.535,10.535,10.535,10.535,10.535,10.535,10.535,9.8526,10.137,9.9033,10.067,10.464,10.005,10.005,10.069,10.069,10.46,10.46,10.46,9.9197,9.9197,9.9197,10,10,9.9197,10,10,10,10,10,10,10,10,10,10,10,10,10,10.454,10,9.9242,10,9.9242,9.9242,10,10,10,9.9242,9.6602,10,10.266,10.266,9.6602,10.454,10.266,9.9242,10.454,10.266,10.503,10.266,10.454,10.046,10.503,10.503,10.046,8.6173,10.046,10.046,10.046
10.467,10.467,10.467,10.467,10.467,10.467,10.467,10.467,9.7722,9.9518,9.8169,9.9232,10.37,10.039,10.039,10.09,10.09,10.41,10.41,10.41,9.8257,9.8257,9.8257,10.09,10.09,9.8257,10.09,10.09,10.09,10.09,10.09,10.09,10.09,10.09,10.09,10.09,10.09,9.8809,9.8809,10.173,9.8809,9.9785,9.8809,9.9785,9.9785,9.8809,9.8809,9.8809,9.9785,9.7191,9.8809,10.253,10.253,9.7191,10.173,10.253,9.9785,10.173,10.253,10.379,10.253,10.173,9.7708,10.379,10.379,9.7708,8.4029,9.7708,9.7708,9.7708
10.552,10.552,10.552,10.552,10.552,10.552,10.552,10.552,9.902,10.022,9.7927,9.9956,10.437,10.057,10.057,10.132,10.132,10.365,10.365,10.365,9.9619,9.9619,9.9619,10.228,10.228,9.9619,10.228,10.228,10.228,10.228,10.228,10.228,10.228,10.228,10.228,10.228,10.228,10.015,10.015,10.344,10.015,10.004,10.015,10.004,10.004,10.015,10.015,10.015,10.004,9.8693,10.015,10.327,10.327,9.8693,10.344,10.327,10.004,10.344,10.327,10.495,10.327,10.344,9.7315,10.495,10.495,9.7315,8.5302,9.7315,9.7315,9.7315
10.248,10.248,10.248,10.248,10.248,10.248,10.248,10.248,9.7302,9.7518,9.6829,9.6671,10.233,9.889,9.889,9.8715,9.8715,10.15,10.15,10.15,9.76,9.76,9.76,10.098,10.098,9.76,10.098,10.098,10.098,10.098,10.098,10.098,10.098,10.098,10.098,10.098,10.098,9.8065,9.8065,10.07,9.8065,9.6916,9.8065,9.6916,9.6916,9.8065,9.8065,9.8065,9.6916,9.7425,9.8065,10.029,10.029,9.7425,10.07,10.029,9.6916,10.07,10.029,9.6974,10.029,10.07,9.3957,9.6974,9.6974,9.3957,8.6945,9.3957,9.3957,9.3957
10.212,10.212,10.212,10.212,10.212,10.212,10.212,10.212,9.5679,9.8765,9.6052,9.723,10.138,9.8352,9.8352,9.8084,9.8084,10.079,10.079,10.079,9.8992,9.8992,9.8992,9.9411,9.9411,9.8992,9.9411,9.9411,9.9411,9.9411,9.9411,9.9411,9.9411,9.9411,9.9411,9.9411,9.9411,9.7234,9.7234,9.8983,9.7234,9.7069,9.7234,9.7069,9.7069,9.7234,9.7234,9.7234,9.7069,9.6967,9.7234,9.9708,9.9708,9.6967,9.8983,9.9708,9.7069,9.8983,9.9708,9.58,9.9708,9.8983,8.9692,9.58,9.58,8.9692,8.2483,8.9692,8.9692,8.9692
9.9437,9.9437,9.9437,9.9437,9.9437,9.9437,9.9437,9.9437,9.5152,9.5717,9.4965,9.5737,9.9188,9.6732,9.6732,9.6879,9.6879,9.8859,9.8859,9.8859,9.6178,9.6178,9.6178,9.7806,9.7806,9.6178,9.7806,9.7806,9.7806,9.7806,9.7806,9.7806,9.7806,9.7806,9.7806,9.7806,9.7806,9.5546,9.5546,9.7924,9.5546,9.5116,9.5546,9.5116,9.5116,9.5546,9.5546,9.5546,9.5116,9.4454,9.5546,9.7631,9.7631,9.4454,9.7634,9.7631,9.5116,9.7924,9.7631,9.4802,9.7631,9.7634,7.2903,9.4802,9.4802,9.1622,8.6709,9.1622,7.2903,7.2903
10.17,10.17,10.17,10.17,10.17,10.17,10.17,10.17,9.9072,9.8874,9.9643,9.8946,10.363,10.088,10.088,10.091,10.091,10.298,10.298,10.298,10.013,10.013,10.013,10.251,10.251,10.013,10.251,10.251,10.251,10.251,10.251,10.251,10.251,10.251,10.251,10.251,10.251,10.128,10.128,10.294,10.128,10.016,10.128,10.016,10.016,10.128,10.128,10.128,10.016,9.7202,10.128,10.201,10.201,9.7202,10.045,10.201,10.016,10.294,10.201,9.8132,10.201,10.045,7.867,9.8132,9.8132,9.5401,8.8083,9.5401,7.867,7.867
10.174,10.174,10.174,10.174,10.174,10.174,10.174,10.174,10.081,10.192,9.8585,10.043,10.373,10.114,10.114,10.295,10.295,10.36,10.36,10.36,10.125,10.125,10.125,10.357,10.357,10.125,10.357,10.357,10.357,10.357,10.357,10.357,10.357,10.357,10.357,10.357,10.357,10.247,10.247,10.327,10.247,10.066,10.247,10.066,10.066,10.247,10.247,10.247,10.066,10.049,10.247,10.176,10.176,10.049,10.221,10.176,10.066,10.327,10.176,9.9188,10.176,10.221,7.8141,9.9188,9.9188,9.5507,8.6032,9.5507,7.8141,7.8141
10.179,10.179,10.179,10.179,10.179,10.179,10.179,10.179,10.487,10.112,9.8299,9.9753,10.446,10.173,10.173,10.408,10.408,10.569,10.569,10.569,10.332,10.332,10.332,10.414,10.414,10.332,10.414,10.414,10.414,10.414,10.414,10.414,10.414,10.414,10.414,10.414,10.414,10.374,10.374,10.486,10.374,10.073,10.374,10.073,10.073,10.374,10.374,10.374,10.073,10.376,10.374,10.245,10.245,10.376,10.341,10.245,10.073,10.486,10.245,9.9024,10.245,10.341,7.8875,9.9024,9.9024,9.5833,8.5135,9.5833,7.8875,7.8875
10.35,10.35,10.35,10.35,10.35,10.35,10.35,10.35,10.689,10.303,10.176,10.267,10.63,10.303,10.303,10.704,10.704,10.805,10.805,10.805,10.517,10.517,10.517,10.771,10.771,10.517,10.771,10.771,10.771,10.771,10.771,10.771,10.771,10.771,10.771,10.771,10.771,10.671,10.671,10.35,10.671,10.378,10.671,10.378,10.378,10.671,10.671,10.671,10.378,10.744,10.671,10.426,10.426,10.744,10.466,10.426,10.378,10.35,10.426,10.246,10.426,10.466,8.2259,10.246,10.246,10.048,8.7335,10.048,8.2259,8.2259
10.501,10.501,10.501,10.501,10.501,10.501,10.501,10.501,10.839,10.281,10.417,10.563,10.794,10.575,10.575,10.739,10.739,10.829,10.829,10.829,10.599,10.599,10.599,10.813,10.813,10.599,10.813,10.813,10.813,10.813,10.813,10.813,10.813,10.813,10.813,10.813,10.813,10.732,10.732,10.342,10.732,10.37,10.732,10.37,10.37,10.732,10.732,10.732,10.37,11.018,10.732,10.707,10.707,11.018,10.511,10.707,10.37,10.342,10.707,10.399,10.707,10.511,8.73,10.399,10.399,10.337,8.7357,10.337,8.73,8.73
10.579,10.579,10.579,10.579,10.579,10.579,10.579,10.579,10.588,10.293,10.49,10.618,10.929,10.525,10.525,10.837,10.837,10.936,10.936,10.936,10.722,10.722,10.722,10.792,10.792,10.722,10.792,10.792,10.792,10.792,10.792,10.792,10.792,10.792,10.792,10.792,10.792,10.773,10.773,10.323,10.773,10.248,10.773,10.248,10.248,10.773,10.773,10.773,10.248,11.337,10.773,10.489,10.489,11.337,10.287,10.489,10.248,10.323,10.489,10.365,10.489,10.287,8.3926,10.365,10.365,10.459,8.4923,10.459,8.3926,8.3926
10.646,10.646,10.646,10.646,10.646,10.646,10.646,10.646,10.699,10.45,10.428,10.688,11.133,10.603,10.603,10.976,10.976,11.11,11.11,11.11,10.852,10.852,10.852,11.012,11.012,10.852,11.012,11.012,11.012,11.012,11.012,11.012,11.012,11.012,11.012,11.012,11.012,10.836,10.836,10.71,10.836,10.519,10.836,10.519,10.519,10.836,10.836,10.836,10.519,10.882,10.836,10.607,10.607,10.882,10.507,10.607,10.519,10.71,10.607,10.669,10.607,10.507,8.1341,10.669,10.669,10.437,8.6625,10.437,8.1341,8.1341
10.821,10.821,10.821,10.821,10.821,10.821,10.821,10.821,10.816,10.603,10.671,10.745,11.315,10.782,10.782,10.942,10.942,11.116,11.116,11.116,11.049,11.049,11.049,11.064,11.064,11.049,11.064,11.064,11.064,11.064,11.064,11.064,11.064,11.064,11.064,11.064,11.064,10.853,10.853,10.893,10.853,10.467,10.853,10.467,10.467,10.853,10.853,10.853,10.467,11.022,10.853,10.869,10.869,11.022,10.826,10.869,10.467,10.893,10.869,10.828,10.869,10.826,8.2035,10.828,10.828,10.748,8.6671,10.748,8.2035,8.2035
10.563,10.563,10.563,10.563,10.563,10.563,10.563,10.563,11.112,11.188,10.716,10.992,11.587,10.931,10.931,10.999,10.999,11.285,11.285,11.285,11.145,11.145,11.145,11.212,11.212,11.145,11.212,11.212,11.212,11.212,11.212,11.212,11.212,11.212,11.212,11.212,11.212,11.027,11.027,11.027,11.027,10.645,11.027,10.645,10.645,11.027,11.027,11.027,10.645,11.331,11.027,11.128,11.128,11.331,11.009,11.128,10.645,11.027,11.128,10.638,11.128,11.009,8.893,10.638,10.638,10.6,9.436,10.6,8.893,8.893
10.593,10.593,10.593,10.593,10.593,10.593,10.593,10.593,11.248,11.015,10.675,10.763,11.389,10.997,10.997,11.162,11.162,11.095,11.095,11.095,11.225,11.225,11.225,11.148,11.148,11.225,11.148,11.148,11.148,11.148,11.148,11.148,11.148,11.148,11.148,11.148,11.148,10.948,10.948,10.912,10.948,10.715,10.948,10.715,10.715,10.948,10.948,10.948,10.715,11.437,10.948,11.214,11.214,11.437,11.064,11.214,10.715,10.912,11.214,10.649,11.214,11.064,8.5332,10.649,10.649,10.756,9.5033,10.756,8.5332,8.5332
10.545,10.545,10.545,10.545,10.545,10.545,10.545,10.545,11.161,10.94,10.725,10.623,11.186,11.037,11.037,11.235,11.235,11.043,11.043,11.043,11.163,11.163,11.163,11.051,11.051,11.163,11.051,11.051,11.051,11.051,11.051,11.051,11.051,11.051,11.051,11.051,11.051,10.906,10.906,10.837,10.906,10.565,10.906,10.565,10.565,10.906,10.906,10.906,10.565,11.443,10.906,11.238,11.238,11.443,11.161,11.238,10.565,10.837,11.238,10.79,11.238,11.161,8.966,10.79,10.79,11.108,9.0749,11.108,8.966,8.966
10.532,10.532,10.532,10.532,10.532,10.532,10.532,10.532,11.132,10.809,10.767,10.767,11.107,11.227,11.227,11.326,11.326,10.826,10.826,10.826,11.166,11.166,11.166,11.131,11.131,11.166,11.131,11.131,11.131,11.131,11.131,11.131,11.131,11.131,11.131,11.131,11.131,11.112,11.112,10.927,11.112,10.588,11.112,10.588,10.588,11.112,11.112,11.112,10.588,11.354,11.112,11.337,11.337,11.354,10.945,11.337,10.588,10.927,11.337,11.373,11.337,10.945,8.7036,11.373,11.373,11.436,8.5859,11.436,8.7036,8.7036
10.737,10.737,10.737,10.737,10.737,10.737,10.737,10.737,11.192,11.055,10.876,10.765,11.172,11.232,11.232,11.19,11.19,10.797,10.797,10.797,11.27,11.27,11.27,11.067,11.067,11.27,11.067,11.067,11.067,11.067,11.067,11.067,11.067,11.067,11.067,11.067,11.067,10.911,10.911,11.099,10.911,10.541,10.911,10.541,10.541,10.911,10.911,10.911,10.541,11.506,10.911,11.315,11.315,11.506,10.994,11.315,10.541,11.099,11.315,11.509,11.315,10.994,8.899,11.509,11.509,11.61,8.2419,11.61,8.899,8.899
10.978,10.978,10.978,10.978,10.978,10.978,10.978,10.978,11.501,11.036,11.032,10.856,11.343,11.305,11.305,11.399,11.399,10.931,10.931,10.931,11.438,11.438,11.438,11.176,11.176,11.438,11.176,11.176,11.176,11.176,11.176,11.176,11.176,11.176,11.176,11.176,11.176,11.222,11.222,11.513,11.222,10.792,11.222,10.792,10.792,11.222,11.222,11.222,10.792,11.375,11.222,11.418,11.418,11.375,11.161,11.418,10.792,11.244,11.418,11.86,11.418,11.161,8.9708,11.86,11.86,11.884,8.4574,11.884,8.9708,8.9708
11.004,11.004,11.004,11.004,11.004,11.004,11.004,11.004,11.107,11.062,11.061,10.541,11.275,11.37,11.37,11.418,11.418,10.907,10.907,10.907,11.408,11.408,11.408,11.192,11.192,11.408,11.192,11.192,11.192,11.192,11.192,11.192,11.192,11.192,11.192,11.192,11.192,11.12,11.12,11.557,11.12,10.993,11.12,10.993,10.993,11.12,11.12,11.12,10.993,11.481,11.12,11.344,11.344,11.481,11.207,11.344,10.993,11.687,11.344,12.007,11.344,11.207,8.9469,12.007,12.007,12.236,8.2127,12.236,8.9469,8.9469
11.264,11.264,11.264,11.264,11.264,11.264,11.264,11.264,10.742,10.889,11.064,10.498,11.455,11.387,11.387,11.232,11.232,10.804,10.804,10.804,11.454,11.454,11.454,11.186,11.186,11.454,11.186,11.186,11.186,11.186,11.186,11.186,11.186,11.3,11.186,11.3,11.186,11.122,11.122,11.695,11.122,10.848,11.122,10.848,10.848,11.122,11.122,11.122,10.848,11.189,11.122,11.474,11.474,11.189,11.096,11.474,10.848,11.445,11.474,12.19,11.474,11.096,10.104,12.19,12.19,11.997,9.0125,11.997,10.104,10.104
10.799,10.799,10.799,10.799,10.799,10.799,10.799,10.799,10.229,9.9799,10.518,10.236,10.552,10.43,10.43,10.404,10.404,10.053,10.053,10.053,10.894,10.894,10.894,10.563,10.563,10.894,10.563,10.563,10.563,10.563,10.563,10.563,10.563,10.422,10.563,10.422,10.563,10.538,10.538,10.805,10.538,10.258,10.538,10.258,10.258,10.538,10.538,10.538,10.258,10.482,10.538,10.611,10.611,10.482,10.41,10.611,10.258,10.589,10.611,11.313,10.611,10.41,9.5108,11.313,11.313,10.992,8.6289,10.992,9.5108,9.5108
10.868,10.868,10.868,10.868,10.868,10.868,10.868,10.868,10.232,9.9232,10.382,10.209,10.616,10.394,10.394,10.434,10.434,10.095,10.095,10.095,10.72,10.72,10.72,10.465,10.465,10.72,10.465,10.465,10.465,10.465,10.465,10.465,10.465,10.455,10.465,10.455,10.465,10.45,10.45,10.615,10.45,10.174,10.45,10.174,10.174,10.45,10.45,10.45,10.174,10.348,10.45,10.637,10.637,10.348,10.391,10.637,10.174,10.562,10.637,11.16,10.637,10.391,9.4294,11.16,11.16,10.831,9.0147,10.831,9.4294,9.4294
10.562,10.562,10.562,10.562,10.562,10.562,10.562,10.562,10.263,10.001,10.224,10.193,10.659,10.227,10.227,10.362,10.362,10.03,10.03,10.03,10.359,10.359,10.359,10.437,10.437,10.359,10.437,10.437,10.437,10.437,10.437,10.437,10.437,10.455,10.437,10.455,10.437,10.436,10.436,10.37,10.436,10.358,10.436,10.358,10.358,10.436,10.436,10.436,10.358,10.272,10.436,10.441,10.441,10.272,10.306,10.441,10.358,10.34,10.441,10.996,10.441,10.306,9.8599,10.996,10.996,10.925,9.5997,10.925,9.8599,9.8599
10.473,10.473,10.473,10.473,10.473,10.473,10.473,10.473,9.9736,9.8552,10.101,9.9541,10.332,9.9716,9.9716,10.163,10.163,9.8839,9.8839,9.8839,10.322,10.322,10.322,10.178,10.178,10.322,10.178,10.178,10.178,10.178,10.178,10.178,10.178,10.242,10.178,10.242,10.178,10.261,10.261,10.175,10.261,10.416,10.261,10.416,10.416,10.261,10.261,10.261,10.416,10.106,10.261,10.029,10.029,10.106,10.139,10.029,10.416,10.221,10.029,10.88,10.029,10.139,9.5111,10.88,10.88,10.437,9.2258,10.437,9.5111,9.5111
10.511,10.511,10.511,10.511,10.511,10.511,10.511,10.511,9.8568,9.83,10.173,9.7341,9.9865,9.9405,9.9405,9.8796,9.8796,9.6787,9.6787,9.6787,10.142,10.142,10.142,10.109,10.109,10.142,10.109,10.109,10.109,10.109,10.109,10.109,10.109,10.17,10.109,10.17,10.109,10.014,10.014,10.206,10.014,10.13,10.014,10.13,10.13,10.014,10.014,10.014,10.13,9.9751,10.014,10.092,10.092,9.9751,9.9829,10.092,10.13,10.318,10.092,10.387,10.092,9.9829,8.8725,10.387,10.387,10.298,9.0763,10.298,8.8725,8.8725
10.344,10.344,10.344,10.344,10.344,10.344,10.344,10.344,9.7136,9.8485,10.047,9.7583,10.041,9.838,9.838,9.9345,9.9345,9.7406,9.7406,9.7406,10.31,10.31,10.31,10.154,10.154,10.31,10.154,10.154,10.154,10.154,10.154,10.154,10.154,10.075,10.154,10.075,10.154,10.064,10.064,10.26,10.064,10.137,10.064,10.137,10.137,10.064,10.064,10.064,10.137,10.124,10.064,10.065,10.065,10.124,10.02,10.065,10.137,10.531,10.065,10.289,10.065,10.02,8.5984,10.289,10.289,10.377,9.2321,10.377,8.5984,8.5984
10.09,10.09,10.09,10.09,10.09,10.09,10.09,10.09,9.7233,9.7062,9.8335,9.5255,9.9248,9.721,9.721,9.7492,9.7492,9.6484,9.6484,9.6484,10.136,10.136,10.136,10.059,10.059,10.136,10.059,10.059,10.059,10.059,10.059,10.059,10.059,9.9511,10.059,9.9511,10.059,10.118,10.118,10.037,10.118,9.9802,10.118,9.9802,9.9802,10.118,10.118,10.118,9.9802,10.031,10.118,9.9909,9.9909,10.031,9.9884,9.9909,9.9802,10.275,9.9909,10.205,9.9909,9.9884,8.741,10.205,10.205,10.166,9.6518,10.166,8.741,8.741
9.8638,9.8638,9.8638,9.8638,9.8638,9.8638,9.8638,9.8638,9.4442,9.5642,9.7296,9.5533,9.8337,9.6965,9.6965,9.6585,9.6585,9.5603,9.5603,9.5603,10.105,10.105,10.105,9.916,9.916,10.105,9.916,9.916,9.916,9.916,9.916,9.916,9.916,9.7983,9.916,9.7983,9.916,10.049,10.049,9.9554,10.049,9.8704,10.049,9.8704,9.8704,10.049,10.049,10.049,9.8704,9.8846,10.049,9.7707,9.7707,9.8846,9.8591,9.7707,9.8704,10.176,9.7707,9.9364,9.7707,9.8591,8.3274,9.9743,9.9743,10.042,9.3472,10.042,8.3274,8.3274
9.7277,9.7277,9.7277,9.7277,9.7277,9.7277,9.7277,9.7277,9.4174,9.4467,9.5634,9.495,9.5949,9.6895,9.6895,9.619,9.619,9.5948,9.5948,9.5948,9.835,9.835,9.835,9.812,9.812,9.835,9.812,9.812,9.812,9.812,9.812,9.812,9.812,9.8005,9.812,9.8005,9.812,9.8745,9.8745,9.8577,9.8745,9.9363,9.8745,9.9363,9.9363,9.8745,9.8745,9.8745,9.9363,9.7162,9.8745,9.784,9.784,9.7162,9.7088,9.784,9.9363,9.8525,9.784,9.9669,9.784,9.7088,8.3573,9.9177,9.9177,9.8436,9.0703,9.8436,8.3573,8.3573
9.558,9.6333,9.558,9.6333,9.6333,9.6333,9.6333,9.6333,9.5157,9.3401,9.4751,9.4944,9.6936,9.7163,9.7163,9.7414,9.7414,9.624,9.624,9.624,9.9093,9.9093,9.9093,9.9395,9.9395,9.9093,9.9395,9.9395,9.9395,9.9395,9.9395,9.9395,9.9395,9.8203,9.9395,9.8203,9.9395,9.7356,9.7356,9.9111,9.7356,10.08,9.7356,10.08,10.08,9.7356,9.7356,9.7356,10.08,9.7108,9.7356,9.766,9.766,9.7108,9.7921,9.766,10.08,9.9968,9.766,9.9054,9.766,9.7921,8.2308,9.7778,9.7778,9.9378,9.1469,9.9378,8.2308,8.2308
9.365,9.5428,9.365,9.5428,9.5428,9.5428,9.5428,9.5428,9.5288,9.3826,9.4609,9.6336,9.6426,9.6711,9.6711,9.6609,9.6609,9.5704,9.5704,9.5704,9.8592,9.8592,9.8592,9.8488,9.8488,9.8592,9.8488,9.8488,9.8488,9.8488,9.8488,9.8488,9.8488,9.7743,9.8488,9.7743,9.8488,9.6816,9.6816,9.8909,9.6816,10.014,9.6816,10.014,10.014,9.6816,9.6816,9.6816,10.014,9.6617,9.6816,9.7913,9.7913,9.6617,9.7927,9.7913,10.014,10.241,9.7913,9.8131,9.7913,9.7927,7.9907,9.7492,9.7492,9.9552,8.9064,9.9552,7.9907,7.9907
9.2284,9.3645,9.2284,9.3645,9.3645,9.3645,9.3645,9.3645,9.3744,9.2713,9.3194,9.6884,9.785,9.5008,9.5008,9.6065,9.6065,9.5072,9.5072,9.5072,9.7011,9.7011,9.7011,9.691,9.691,9.7011,9.691,9.733,9.691,9.691,9.691,9.691,9.691,9.6049,9.691,9.6049,9.691,9.6196,9.6196,9.632,9.6196,9.8411,9.6196,9.8411,9.8411,9.6196,9.6196,9.6196,9.8411,9.4604,9.6196,9.8155,9.8155,9.4604,9.8324,9.8155,9.8411,10,9.8155,9.5759,9.8155,9.8324,8.3293,9.6142,9.6142,9.7888,9.1234,9.7888,8.3293,8.3293
9.2452,9.2904,9.2452,9.2904,9.2904,9.2904,9.2904,9.2904,9.3015,9.2026,9.2463,9.5368,9.4743,9.4557,9.4557,9.5931,9.5931,9.4016,9.4016,9.4016,9.6491,9.6491,9.6491,9.6325,9.6325,9.6491,9.6325,9.6827,9.6325,9.6325,9.6325,9.6325,9.6325,9.5051,9.6325,9.5051,9.6325,9.8065,9.8065,9.5186,9.8065,9.6069,9.8065,9.6069,9.6069,9.8065,9.8065,9.8065,9.6069,9.4134,9.8065,9.6651,9.6651,9.4134,9.8538,9.6651,9.6069,9.5113,9.6651,9.6656,9.6651,9.8538,8.1383,9.6617,9.6617,9.5719,8.9599,9.5719,8.1383,8.1383
9.1919,9.3983,9.1919,9.3983,9.3983,9.3983,9.3983,9.3983,9.2918,9.2535,9.3282,9.4663,9.5148,9.4777,9.4777,9.6065,9.6065,9.4683,9.4683,9.4683,9.6517,9.6517,9.6517,9.6036,9.6036,9.6517,9.6036,9.6642,9.6036,9.6036,9.6036,9.6036,9.6036,9.507,9.6036,9.507,9.6036,9.7991,9.7991,9.484,9.7991,9.7343,9.7991,9.7343,9.7343,9.7991,9.7991,9.7991,9.7343,9.7023,9.7991,9.6595,9.6595,9.7023,9.5197,9.6595,9.7343,9.5823,9.6595,9.4493,9.6595,9.5197,7.815,9.5978,9.5978,9.5277,8.4853,9.5277,7.815,7.815
9.2707,9.3087,9.2707,9.3087,9.3087,9.3087,9.3087,9.3087,9.32,9.1858,9.2122,9.4977,9.4983,9.4481,9.4481,9.5149,9.5149,9.4489,9.4489,9.4489,9.6171,9.6171,9.6171,9.5043,9.5043,9.6171,9.5043,9.599,9.5043,9.5043,9.5043,9.5043,9.5043,9.5238,9.5043,9.5238,9.5043,9.6301,9.6301,9.6114,9.6301,9.5795,9.6301,9.5795,9.5795,9.6301,9.6301,9.6301,9.5795,9.6675,9.6301,9.6737,9.6737,9.6675,9.4395,9.6737,9.5795,9.5939,9.6737,9.5478,9.6737,9.4395,8.0538,9.6206,9.6206,9.5123,8.7672,9.5123,8.0538,8.0538
9.2323,9.2162,9.2323,9.2162,9.2162,9.2162,9.2162,9.2162,9.3403,9.178,9.1902,9.5871,9.6661,9.4789,9.4789,9.4858,9.4858,9.3832,9.3832,9.3832,9.5668,9.5668,9.5668,9.5292,9.5292,9.5668,9.5292,9.6053,9.5292,9.5292,9.5292,9.5292,9.5292,9.4956,9.5292,9.4956,9.5292,9.6369,9.6369,9.5895,9.6369,9.5431,9.6369,9.5431,9.5431,9.6369,9.6369,9.6369,9.5431,9.5351,9.6369,9.5775,9.5775,9.5351,9.4937,9.5775,9.5431,9.4869,9.5775,9.4021,9.5775,9.4937,8.1757,9.5613,9.5613,9.4967,8.9452,9.4967,8.1757,8.1757
9.635,9.4549,9.635,9.4549,9.4549,9.4549,9.4549,9.4549,9.6441,9.6497,9.521,9.8568,9.9692,9.8551,9.8551,9.943,9.943,9.8123,9.8123,9.8123,9.9351,9.9351,9.9351,9.9681,9.9681,9.9351,9.9681,10.123,9.9681,9.9681,9.9681,9.9681,9.9681,9.9066,9.9681,9.9066,9.9681,10.12,10.12,10.008,10.12,9.9503,10.12,9.9503,9.9503,10.12,10.12,10.12,9.9503,10.041,10.12,10.009,10.009,10.041,9.9401,10.009,9.9503,9.7889,10.009,9.7822,10.009,9.9401,8.2218,9.7856,9.7856,9.7447,9.1353,9.7447,8.2218,8.2218
9.6635,9.4959,9.6635,9.4959,9.4959,9.4959,9.4959,9.4959,9.7439,9.6123,9.6772,9.9907,9.9542,9.948,9.948,9.9146,9.9146,9.8839,9.8839,9.8839,9.9382,9.9382,9.9382,10.064,10.064,9.9382,10.064,10.165,10.064,10.064,10.064,10.064,10.064,10.099,10.064,10.099,10.064,10.14,10.14,9.99,10.14,10.151,10.14,10.151,10.151,10.14,10.14,10.14,10.151,10.036,10.14,10.075,10.075,10.036,9.9384,10.075,10.151,9.8744,10.075,9.9844,10.075,9.9384,8.2418,9.867,9.867,9.858,9.011,9.858,8.2418,8.2418
9.9048,9.6965,9.9048,9.6965,9.6965,9.6965,9.6965,9.6965,10.005,9.8076,9.9519,10.203,10.208,10.108,10.108,10.147,10.147,10.196,10.196,10.196,9.9811,9.9811,9.9811,10.291,10.291,9.9811,10.291,10.39,10.291,10.291,10.291,10.291,10.291,10.257,10.291,10.257,10.291,10.429,10.429,10.335,10.429,10.316,10.429,10.316,10.316,10.429,10.429,10.429,10.316,10.476,10.429,10.083,10.083,10.476,10.444,10.083,10.316,10.012,10.083,10.206,10.083,10.444,8.0721,10.256,10.256,9.8729,8.652,9.8729,8.0721,8.0721
10.005,9.8514,10.005,9.8514,9.8514,9.8514,9.8514,9.8514,10.42,10.233,10.16,10.521,10.406,10.28,10.28,10.199,10.199,10.303,10.303,10.303,10.237,10.237,10.237,10.475,10.475,10.237,10.475,10.597,10.475,10.475,10.475,10.475,10.475,10.509,10.475,10.509,10.475,10.605,10.605,10.737,10.605,10.179,10.605,10.179,10.179,10.605,10.605,10.605,10.179,10.729,10.605,10.286,10.286,10.729,10.514,10.286,10.179,10.689,10.286,10.489,10.286,10.514,8.4343,10.683,10.683,10.054,8.9127,10.054,8.4343,8.4343
9.7561,9.8019,9.7561,9.8019,9.8019,9.8019,9.8019,9.8019,10.596,10.356,10.23,10.531,10.415,10.336,10.336,10.115,10.115,10.399,10.399,10.399,10.365,10.365,10.365,10.624,10.624,10.365,10.624,10.619,10.624,10.624,10.624,10.624,10.624,10.634,10.624,10.634,10.624,10.482,10.482,10.901,10.482,9.8106,10.482,9.8106,9.8106,10.482,10.482,10.482,9.8106,10.965,10.482,10.629,10.629,10.965,10.742,10.629,9.8106,10.61,10.629,10.854,10.629,10.742,8.3588,10.849,10.849,10.339,9.1481,10.339,8.3588,8.3588
9.8389,9.9615,9.8389,9.9615,9.9615,9.9615,9.9615,9.9615,10.7,10.419,10.331,10.542,10.557,10.469,10.469,10.313,10.313,10.613,10.613,10.613,10.546,10.546,10.546,10.743,10.743,10.546,10.743,10.709,10.743,10.743,10.743,10.743,10.743,10.833,10.743,10.833,10.743,10.586,10.586,11.519,10.586,9.7991,10.586,9.7991,9.7991,10.586,10.586,10.586,9.7991,11.212,10.586,10.921,10.921,11.212,10.889,10.921,9.7991,10.884,10.921,11.232,10.921,10.889,8.7256,11.096,11.096,10.476,9.2293,10.476,8.7256,8.7256
10.046,10.119,10.046,10.119,10.119,10.119,10.119,10.119,11.117,10.792,10.627,10.686,10.734,10.594,10.594,10.428,10.428,10.697,10.697,10.697,10.738,10.738,10.738,10.929,10.788,10.738,10.929,10.958,10.929,10.788,10.788,10.788,10.788,10.957,10.929,10.957,10.788,10.831,10.831,11.394,10.831,10.249,10.831,10.249,10.249,10.831,10.831,10.831,10.249,11.345,10.831,11.073,11.073,11.345,11.337,11.073,10.249,11.1,11.073,11.677,11.073,11.337,8.7334,11.294,11.294,10.439,9.3995,10.439,8.7334,8.7334
10.276,10.307,10.276,10.307,10.307,10.307,10.307,10.307,11.222,10.962,10.764,10.742,10.747,10.571,10.571,10.502,10.502,10.947,10.947,10.947,10.785,10.785,10.785,11.099,10.891,10.785,11.099,10.997,11.099,10.891,10.891,10.891,10.891,11.051,11.099,11.051,10.891,11.023,11.023,11.101,11.023,10.445,11.023,10.445,10.445,11.023,11.023,11.023,10.445,11.751,11.023,11.088,11.088,11.751,11.279,11.088,10.445,11.331,11.088,11.702,11.088,11.279,8.5169,11.072,11.072,10.344,9.0384,10.344,8.5169,8.5169
10.459,10.248,10.459,10.248,10.248,10.248,10.248,10.248,11.148,11.146,11.117,10.901,10.839,10.726,10.726,10.745,10.745,10.933,10.836,10.836,10.881,10.881,10.881,11.148,11.001,10.881,11.148,11.151,11.148,11.001,11.001,11.001,11.001,11.161,11.148,11.161,11.001,11.008,11.008,11.152,11.008,10.431,11.008,10.431,10.431,11.008,11.008,11.008,10.431,11.856,11.008,11.326,11.326,11.856,11.139,11.326,10.431,11.346,11.326,11.693,11.326,11.139,8.7373,11.204,11.204,10.511,9.481,10.511,8.7373,8.7373
10.172,10.127,10.172,10.127,10.127,10.127,10.127,10.127,10.986,11.094,11.416,10.73,10.766,10.731,10.731,10.723,10.723,10.803,10.665,10.665,10.794,10.794,10.794,10.987,11.083,10.794,10.987,11.219,10.987,11.083,11.083,11.083,11.083,11.17,10.987,11.17,11.083,11.084,11.084,10.855,11.084,10.934,11.084,10.934,10.934,11.084,11.084,11.084,10.934,12.097,11.084,11.479,11.479,12.097,11.233,11.479,10.934,11.362,11.479,11.794,11.479,11.233,9.7102,11.502,11.502,11.184,9.9385,11.184,9.7102,9.7102
10.179,10.12,10.179,10.12,10.12,10.12,10.12,10.12,10.699,11.334,11.52,11.049,10.904,10.764,10.764,10.78,10.78,10.942,10.665,10.665,10.716,10.716,10.716,11.213,11.162,10.716,11.213,11.254,11.213,11.162,11.162,11.162,11.162,11.409,11.213,11.409,11.162,11.029,11.029,11.078,11.029,10.716,11.029,10.716,10.716,11.029,11.029,11.029,10.716,12.184,11.029,11.367,11.367,12.184,11.369,11.367,10.716,11.568,11.367,11.976,11.367,11.369,9.5652,11.61,11.61,11.079,9.8389,11.079,9.5652,9.5652
10.133,10.202,10.133,10.202,10.202,10.202,10.202,10.202,10.742,11.452,11.868,10.857,10.868,10.655,10.655,10.658,10.658,10.989,10.671,10.671,10.532,10.532,10.532,11.192,11.221,10.532,11.192,11.141,11.192,11.221,11.221,11.221,11.221,11.307,11.192,11.307,11.221,11.12,11.12,11.564,11.12,10.84,11.12,10.84,10.84,11.12,11.12,11.12,10.84,11.587,11.12,11.35,11.35,11.587,11.582,11.35,10.84,11.458,11.35,11.937,11.35,11.582,9.4459,11.415,11.415,11.131,9.4973,11.131,9.4459,9.4459
10.308,10.25,10.308,10.25,10.25,10.25,10.25,10.25,10.797,11.942,11.436,10.853,10.751,10.672,10.672,10.595,10.595,11.014,10.955,10.955,10.703,10.703,10.703,11.21,11.243,10.703,11.21,11.234,11.21,11.243,11.243,11.243,11.243,11.418,11.21,11.418,11.243,11.261,11.261,11.836,11.261,10.623,11.261,10.623,10.623,11.261,11.261,11.261,10.623,11.793,11.261,11.337,11.337,11.793,11.597,11.337,10.623,11.469,11.337,11.894,11.337,11.597,8.7076,11.474,11.474,10.697,9.1162,10.697,8.7076,8.7076
10.252,10.328,10.252,10.328,10.328,10.328,10.328,10.328,10.791,11.028,10.433,10.898,10.861,10.724,10.724,10.705,10.705,10.942,10.96,10.96,10.659,10.659,10.659,10.982,11.217,10.659,10.982,11.356,10.982,11.217,11.217,11.217,11.217,11.339,10.982,11.339,11.217,11.356,11.356,11.174,11.356,10.643,11.356,10.643,10.643,11.356,11.356,11.356,10.643,11.554,11.356,11.582,11.582,11.554,11.627,11.582,10.643,11.702,11.582,11.949,11.582,11.627,8.9267,11.623,11.623,10.758,9.1291,10.758,8.9267,8.9267
10.429,10.467,10.429,10.467,10.467,10.467,10.467,10.467,10.983,11.762,10.504,11.093,10.896,10.734,10.734,10.615,10.615,10.85,10.965,10.965,10.557,10.557,10.557,11.191,11.335,10.557,11.191,11.281,11.191,11.335,11.335,11.335,11.335,11.377,11.191,11.377,11.335,11.313,11.313,11.47,11.313,10.611,11.313,10.611,10.611,11.313,11.313,11.313,10.611,12.183,11.313,11.886,11.886,12.183,11.7,11.886,10.611,12.032,11.886,11.945,11.886,11.7,9.1751,11.907,11.907,10.818,9.5883,10.818,9.1751,9.1751
9.8619,10.046,9.8619,10.046,10.046,10.046,10.046,10.046,10.385,11.189,10.223,10.613,10.452,10.2,10.2,9.9139,9.9139,10.352,10.08,10.08,10.175,10.175,10.175,10.53,10.578,10.175,10.53,10.647,10.53,10.578,10.578,10.578,10.578,10.762,10.53,10.762,10.578,10.53,10.53,10.922,10.53,10.302,10.53,10.302,10.302,10.53,10.53,10.53,10.302,11.511,10.53,11.33,11.33,11.511,11.42,11.33,10.302,11.561,11.33,11.222,11.33,11.42,9.552,11.204,11.204,10.659,9.9045,10.659,9.552,9.552
9.6632,9.9176,9.6632,9.9176,9.9176,9.9176,9.9176,9.9176,10.338,10.542,9.8701,10.482,10.138,10.007,10.007,9.838,9.838,9.8829,10.032,10.032,9.9115,9.9115,9.9115,10.242,10.231,9.9115,10.242,10.25,10.242,10.231,10.231,10.231,10.231,10.247,10.242,10.247,10.231,10.272,10.272,10.831,10.272,10.144,10.272,10.144,10.144,10.272,10.272,10.272,10.144,10.637,10.272,11.024,11.024,10.637,11.122,11.024,10.144,11.266,11.024,10.975,11.024,11.122,8.9554,10.927,10.927,10.532,9.5922,10.532,8.9554,8.9554
9.5085,9.6964,9.5085,9.6964,9.6964,9.6964,9.6964,9.6964,10.054,9.9342,9.7587,10.392,10.007,10.061,10.061,9.8287,9.8287,9.6931,10.062,10.062,9.8777,9.8777,9.8777,10.087,10.143,9.8777,10.087,9.9623,10.087,10.143,10.143,10.143,10.143,10.164,10.087,10.164,10.143,10.106,10.106,10.777,10.106,9.9702,10.106,9.9702,9.9702,10.106,10.106,10.106,9.9702,10.691,10.106,10.83,10.83,10.691,10.623,10.83,9.9702,10.918,10.83,10.714,10.83,10.623,8.972,10.83,10.83,10.481,9.5107,10.481,8.972,8.972
9.5518,9.4687,9.5518,9.4687,9.4687,9.4687,9.4687,9.4687,9.8617,9.8694,9.6786,10.167,9.9799,9.8829,9.8829,9.7896,9.7896,9.6567,9.9629,9.9629,9.8555,9.8555,9.8555,10.039,10.063,9.8555,10.039,10.088,10.039,10.063,10.063,10.063,10.063,10.022,10.039,10.022,10.063,10.194,10.194,10.654,10.194,9.9846,10.194,9.9846,9.9846,10.194,10.194,10.194,9.9846,10.705,10.194,10.614,10.614,10.705,10.792,10.614,9.9846,10.943,10.614,10.691,10.614,10.792,8.6995,10.608,10.608,10.347,9.2638,10.347,8.6995,8.6995
9.5714,9.3707,9.5714,9.3707,9.3707,9.3707,9.3707,9.3707,9.8523,9.7636,9.6323,10.075,9.8222,9.8317,9.8317,9.7393,9.7393,9.608,9.8663,9.8663,9.6952,9.6952,9.6952,9.8896,9.9297,9.6952,9.8896,9.972,9.8896,9.9297,9.9297,9.9297,9.9297,9.9696,9.8896,9.9696,9.9297,10.072,10.072,10.411,10.072,10.103,10.072,10.103,10.103,10.072,10.072,10.072,10.103,10.449,10.072,10.514,10.514,10.449,10.546,10.514,10.103,10.855,10.514,10.486,10.514,10.546,9.0363,10.586,10.586,10.242,9.188,10.242,9.0363,9.0363
9.7877,9.2582,9.7877,9.2582,9.2582,9.2582,9.2582,9.2582,9.6549,9.625,9.3238,9.7873,9.8434,9.6703,9.6703,9.6027,9.6027,9.604,9.6685,9.6685,9.7103,9.7103,9.7103,9.8248,9.9314,9.7103,9.8248,9.9532,9.8248,9.9314,9.9314,9.9314,9.9314,9.8522,9.8248,9.8522,9.9314,10.057,10.057,10.191,10.057,9.9832,10.057,9.9832,9.9832,10.057,10.057,10.057,9.9832,10.403,10.057,10.241,10.241,10.403,10.559,10.241,9.9832,10.602,10.241,10.367,10.241,10.559,8.8918,10.188,10.188,10.304,8.9866,10.304,8.8918,8.8918
9.4461,9.2948,9.4461,9.2948,9.2948,9.2948,9.2948,9.2948,9.5588,9.3705,9.3348,9.7783,9.7304,9.6111,9.6111,9.4565,9.4565,9.5373,9.6168,9.6168,9.6146,9.6146,9.6146,9.6683,9.7381,9.6146,9.6683,9.7929,9.6683,9.7381,9.7381,9.7381,9.7381,9.6964,9.6683,9.6964,9.7381,9.8682,9.8682,9.9135,9.8682,9.9009,9.8682,9.9009,9.9009,9.8682,9.8682,9.8682,9.9009,10.208,9.8682,10.046,10.046,10.208,10.632,10.046,9.9009,10.409,10.046,10.213,10.046,10.632,8.8758,10.085,10.085,10.082,9.0334,10.082,8.8758,8.8758
9.3728,9.2788,9.3728,9.2788,9.2788,9.2788,9.2788,9.2788,9.6289,9.3715,9.3437,9.6466,9.6935,9.481,9.481,9.4802,9.4802,9.4618,9.5464,9.5464,9.5713,9.5713,9.5713,9.6233,9.7421,9.5713,9.6233,9.6648,9.6233,9.7421,9.7421,9.7421,9.7421,9.6558,9.6233,9.6558,9.7421,9.9602,9.9602,9.9115,9.9602,9.8575,9.9602,9.8575,9.8575,9.9602,9.9602,9.9602,9.8575,10.086,9.9602,10.001,10.001,10.086,10.452,10.001,9.8575,10.223,10.001,10.113,10.001,10.452,8.9763,9.9158,9.9158,9.9259,8.9543,9.9259,8.9763,8.9763
9.2594,9.2222,9.2594,9.2222,9.2222,9.2222,9.2222,9.2222,9.5092,9.2593,9.2441,9.4648,9.5865,9.4314,9.4314,9.48,9.48,9.3059,9.4545,9.4545,9.4876,9.4876,9.4876,9.5545,9.6339,9.4876,9.5545,9.5164,9.5545,9.6339,9.6339,9.6339,9.6339,9.5253,9.5545,9.5253,9.6339,9.8644,9.8644,9.805,9.8644,9.6206,9.8644,9.6206,9.6206,9.8644,9.8644,9.8644,9.6206,9.9768,9.8644,9.8936,9.8936,9.9768,10.177,9.8936,9.6206,9.758,9.8936,9.9181,9.8936,10.177,8.446,9.7449,9.7449,9.904,8.7356,9.904,8.446,8.446
9.4461,9.4055,9.4461,9.4055,9.4055,9.4055,9.4055,9.4055,9.514,9.2285,9.2459,9.2872,9.5313,9.3564,9.3564,9.5948,9.5948,9.3146,9.499,9.499,9.4982,9.4982,9.4982,9.494,9.618,9.4982,9.494,9.4751,9.6261,9.618,9.618,9.618,9.618,9.5423,9.494,9.5423,9.618,9.9096,9.9096,9.743,9.9096,9.5099,9.9096,9.5099,9.5099,9.9096,9.9096,9.9096,9.5099,9.8236,9.9096,9.9781,9.9781,9.8236,9.7977,9.9781,9.5099,9.6429,9.9781,9.8625,9.9781,9.7977,7.7599,9.6624,9.6624,9.6794,8.5027,9.6794,7.7599,7.7599
9.3435,9.2508,9.3435,9.2508,9.2508,9.2508,9.2508,9.2508,9.2327,9.1876,9.2503,9.4158,9.6025,9.3852,9.3852,9.6195,9.6195,9.3309,9.5185,9.5185,9.6132,9.6132,9.6132,9.5784,9.6235,9.6132,9.5784,9.5243,9.646,9.6235,9.6235,9.6235,9.6235,9.489,9.5784,9.489,9.6235,9.8574,9.8574,9.7653,9.8574,9.3498,9.8574,9.3498,9.3498,9.8574,9.8574,9.8574,9.3498,9.8196,9.8574,9.6962,9.6962,9.8196,9.756,9.6962,9.3498,9.6461,9.6962,9.7412,9.6962,9.756,8.032,9.6474,9.6474,9.8223,8.5788,9.8223,8.032,8.032
9.2279,9.2091,9.2279,9.2091,9.2091,9.2091,9.2091,9.2091,9.2593,9.3326,9.2291,9.4793,9.6622,9.3773,9.3773,9.6044,9.6044,9.3098,9.5742,9.5742,9.6703,9.6703,9.6703,9.5438,9.6854,9.6703,9.5438,9.523,9.6853,9.6854,9.6854,9.6854,9.6854,9.5081,9.5438,9.5081,9.6854,9.8149,9.8149,9.7091,9.8149,9.4544,9.8149,9.4544,9.4544,9.8149,9.8149,9.8149,9.4544,9.8429,9.8149,9.6852,9.6852,9.8429,9.6919,9.6852,9.4544,9.5796,9.6852,9.7107,9.6852,9.6919,7.6862,9.6455,9.6455,9.68,8.5926,9.68,7.6862,7.6862
9.1439,9.1006,9.1439,9.1006,9.1006,9.1006,9.1006,9.1006,9.1637,9.238,9.1243,9.3963,9.4173,9.2474,9.2474,9.4502,9.4502,9.2635,9.463,9.463,9.5254,9.5254,9.5254,9.4425,9.5847,9.5254,9.4425,9.3238,9.5463,9.5847,9.5847,9.5847,9.5847,9.3695,9.4425,9.3695,9.5847,9.4814,9.4814,9.3477,9.4814,9.336,9.4814,9.336,9.336,9.4814,9.4814,9.4814,9.336,9.6548,9.4814,9.5844,9.5844,9.6548,9.5529,9.5844,9.336,9.5251,9.5844,9.648,9.5844,9.5529,7.7463,9.5593,9.5593,9.6225,8.6597,9.6225,7.7463,7.7463
9.0638,8.9739,9.0638,8.9739,8.9739,8.9739,8.9739,8.9739,9.1358,9.2051,9.1667,9.1797,9.3375,9.22,9.22,9.3196,9.3196,9.1439,9.2544,9.2544,9.3295,9.3295,9.3295,9.3226,9.4388,9.3295,9.3226,9.3278,9.4436,9.4388,9.4388,9.4388,9.4388,9.2338,9.3226,9.2338,9.4388,9.3657,9.3657,9.4112,9.3657,9.307,9.3657,9.307,9.307,9.3657,9.3657,9.3657,9.307,9.6115,9.3657,9.5105,9.5105,9.6115,9.396,9.5105,9.307,9.2962,9.5105,9.5123,9.5105,9.396,7.6539,9.5058,9.5058,9.46,8.5269,9.46,7.6539,7.6539
8.9811,8.9945,8.9811,8.9945,8.9945,8.9945,8.9945,8.9945,8.9906,9.1387,9.0746,9.1674,9.2995,9.2419,9.2419,9.2561,9.2561,9.0798,9.2873,9.2873,9.318,9.318,9.318,9.2238,9.3558,9.318,9.2238,9.3204,9.3491,9.3558,9.3558,9.3558,9.3558,9.2295,9.2238,9.2295,9.3558,9.3834,9.3834,9.4166,9.3834,9.2753,9.3834,9.2753,9.2753,9.3834,9.3834,9.3834,9.2753,9.6279,9.3834,9.4246,9.4246,9.6279,9.3753,9.4246,9.2753,9.3554,9.4246,9.471,9.4246,9.3753,7.3399,9.4941,9.4941,9.283,8.0683,9.283,7.3399,7.3399
8.9286,9.0352,8.9286,9.0352,9.0352,9.0352,9.0352,9.0352,9.118,9.1626,9.0197,9.0785,9.4226,9.1787,9.1787,9.3541,9.3541,9.0982,9.2856,9.2856,9.3373,9.3373,9.3941,9.2427,9.3454,9.3373,9.2427,9.3161,9.3853,9.3454,9.3454,9.3454,9.3454,9.1755,9.2427,9.1755,9.3454,9.3544,9.3544,9.3891,9.3544,9.2521,9.3544,9.2521,9.2521,9.3544,9.3544,9.3544,9.2521,9.4389,9.3544,9.311,9.311,9.4389,9.3369,9.311,9.2521,9.3272,9.311,9.5517,9.311,9.3369,7.9523,9.472,9.472,9.332,8.372,9.332,7.9523,7.9523
9.1159,9.1677,9.1159,9.1677,9.1677,9.1677,9.1677,9.1677,9.3872,9.3907,9.3256,9.6439,9.5333,9.5217,9.5217,9.674,9.674,9.4815,9.5492,9.5492,9.6356,9.6356,9.5937,9.4875,9.6486,9.6356,9.4875,9.5339,9.6848,9.6486,9.6486,9.6486,9.6486,9.5654,9.4875,9.5654,9.6486,9.755,9.755,9.6231,9.755,9.3708,9.755,9.3708,9.3708,9.755,9.755,9.755,9.3708,9.7313,9.755,9.6391,9.6391,9.7313,9.5041,9.6391,9.3708,9.5347,9.6391,9.6104,9.6391,9.5041,8.2202,9.6081,9.6081,9.4688,8.4746,9.4688,8.2202,8.2202
9.2062,9.192,9.2062,9.192,9.192,9.192,9.192,9.192,9.5097,9.7244,9.5716,10.069,9.8046,9.667,9.667,9.8454,9.8454,9.7552,9.7706,9.7706,9.8729,9.8729,9.8799,9.8242,9.9482,9.8729,9.8242,9.842,9.979,9.9482,9.9482,9.9482,9.9482,9.8831,9.8242,9.8831,9.9482,10.096,10.096,9.9323,10.096,9.5214,10.096,9.5214,9.5214,10.096,10.096,10.096,9.5214,9.8964,10.096,9.7174,9.7174,9.8964,9.6332,9.7174,9.5214,9.7089,9.7174,9.7771,9.7174,9.6332,8.4245,9.7825,9.7825,9.6072,8.2348,9.6072,8.4245,8.4245
9.1405,9.1326,9.1405,9.1326,9.1326,9.1326,9.1326,9.1326,9.7602,10.193,9.693,10.348,9.7965,9.9065,9.9065,9.9467,9.9467,9.8778,9.9189,9.9189,9.8863,9.8863,9.9476,9.9787,10.117,9.8863,9.9787,10.042,10.095,10.117,10.117,10.117,10.117,10.094,9.9787,10.094,10.117,10.211,10.211,10.05,10.211,9.7217,10.211,9.7217,9.7217,10.211,10.211,10.211,9.7217,9.8998,10.211,9.6488,9.6488,9.8998,9.8576,9.6488,9.7217,9.9318,9.6488,9.741,9.6488,9.8576,8.5403,9.7966,9.7966,9.689,8.1714,9.689,8.5403,8.5403
9.0271,9.0284,9.0271,9.0284,9.0284,9.0284,9.0284,9.0284,9.6549,10.332,10.044,10.205,10.021,10.011,10.011,10.168,10.168,9.9022,9.9762,9.9762,9.9538,9.9538,9.9501,9.9516,10.256,9.9538,9.9516,10.206,10.296,10.256,10.256,10.256,10.256,10.269,9.9516,10.269,10.256,10.25,10.25,10.101,10.25,9.7481,10.25,9.7481,9.7481,10.25,10.25,10.25,9.7481,9.9656,10.25,9.8305,9.8305,9.9656,9.8627,9.8305,9.7481,9.9368,9.8305,9.8765,9.8305,9.8627,8.8075,9.9876,9.9876,9.7697,8.749,9.7697,8.8075,8.8075
8.8238,8.9455,8.8238,8.9455,8.9455,8.9455,8.9455,8.9455,9.6239,10.037,10.591,10.412,9.8295,10.061,10.061,9.9748,9.9748,9.7904,9.9168,9.9168,9.789,9.789,9.9613,10.135,10.356,9.789,10.135,10.476,10.422,10.356,10.356,10.356,10.356,10.377,10.135,10.377,10.356,10.366,10.366,10.134,10.366,9.7239,10.366,9.7239,9.7239,10.366,10.366,10.366,9.7239,9.8578,10.366,9.8036,9.8036,9.8578,9.923,9.8036,9.7239,10.037,9.8036,9.9844,9.8036,9.923,8.5358,10.02,10.02,9.6829,8.3169,9.6829,8.5358,8.5358
9.3461,9.1523,9.3461,9.1523,9.1523,9.1523,9.1523,9.1523,9.7995,10.511,10.57,10.554,10.241,10.404,10.404,10.223,10.223,9.9042,10.081,10.081,9.9423,9.9423,10.214,10.398,10.737,9.9423,10.398,10.805,10.913,10.737,10.737,10.737,10.737,10.551,10.398,10.551,10.737,10.642,10.642,10.418,10.642,9.863,10.642,9.863,9.863,10.642,10.642,10.642,9.863,10.044,10.642,10.043,10.043,10.044,10.272,10.043,9.863,10.311,10.043,10.126,10.043,10.272,8.8305,10.207,10.207,9.8911,9.0188,9.8911,8.8305,8.8305
9.3422,9.1527,9.3422,9.1527,9.1527,9.1527,9.1527,9.1527,9.9744,10.594,10.233,10.567,10.506,10.347,10.347,10.279,10.279,10.094,10.124,10.124,10.08,10.08,10.316,10.954,10.839,10.08,10.954,10.849,11.102,10.839,10.839,10.839,10.839,10.951,10.954,10.951,10.839,10.738,10.738,10.561,10.738,10.177,10.738,10.177,10.177,10.738,10.738,10.738,10.177,10.315,10.738,10.155,10.155,10.315,10.428,10.155,10.177,10.405,10.155,10.243,10.155,10.428,8.846,10.405,10.405,10.039,9.1581,10.039,8.846,8.846
9.5145,9.2143,9.5145,9.2143,9.2143,9.2143,9.2143,9.2143,10.091,10.563,10.469,10.691,10.572,10.171,10.171,10.229,10.229,10.077,10.174,10.174,10.163,10.163,10.338,11.173,11.019,10.163,11.173,10.971,11.257,11.019,11.019,11.019,11.019,11.109,11.173,11.109,11.019,10.964,10.964,10.387,10.964,10.229,10.964,10.229,10.229,10.964,10.964,10.964,10.229,10.489,10.964,10.342,10.342,10.489,10.605,10.342,10.229,10.479,10.342,10.392,10.342,10.605,9.352,10.447,10.447,10.189,9.2271,10.189,9.352,9.352
9.4185,9.2177,9.4185,9.2177,9.2177,9.2177,9.2177,9.2177,10.083,10.227,10.786,10.476,10.557,10.195,10.195,10.336,10.336,10.415,10.103,10.103,10.289,10.289,10.583,11.253,11.182,10.289,11.253,10.844,11.503,11.182,11.182,11.182,11.182,11.146,11.253,11.146,11.182,11.164,11.164,10.748,11.164,10.369,11.164,10.369,10.369,11.164,11.164,11.164,10.369,10.487,11.164,10.576,10.576,10.487,10.836,10.576,10.369,10.528,10.576,10.462,10.576,10.836,9.6551,10.494,10.494,10.275,9.6556,10.275,9.6551,9.6551
9.3586,9.1486,9.3586,9.1486,9.1486,9.1486,9.1486,9.1486,10.066,10.337,10.623,10.491,10.747,10.433,10.433,10.291,10.291,10.616,10.146,10.146,10.484,10.484,10.672,11.188,11.421,10.484,11.188,10.824,11.726,11.421,11.421,11.421,11.421,10.879,11.188,10.879,11.421,10.918,10.918,10.737,10.918,10.261,10.918,10.261,10.261,10.918,10.918,10.918,10.261,10.768,10.918,10.384,10.384,10.768,10.674,10.384,10.261,10.476,10.384,10.325,10.384,10.674,9.3848,10.208,10.208,10.309,9.7161,10.309,9.3848,9.3848
9.3072,9.1222,9.3072,9.1222,9.1222,9.1222,9.1222,9.1222,10.108,10.913,10.883,10.61,10.407,10.344,10.344,10.024,10.024,10.983,10.408,10.408,10.528,10.528,10.443,10.827,11.257,10.528,10.827,11.298,11.641,11.257,11.257,11.257,11.257,11.117,10.827,11.117,11.257,10.829,10.829,10.773,10.829,10.33,10.829,10.33,10.33,10.829,10.829,10.829,10.33,10.953,10.829,10.354,10.354,10.953,10.426,10.354,10.33,10.365,10.354,10.356,10.354,10.426,9.6116,10.123,10.123,10.208,8.8557,10.208,9.6116,9.6116
9.4284,9.5307,9.4284,9.5307,9.5307,9.5307,9.5307,9.5307,10.469,10.911,11.569,10.439,10.414,10.337,10.337,9.9619,9.9619,10.961,10.486,10.486,10.486,10.486,10.486,10.897,11.294,10.486,10.897,11.22,11.232,11.294,11.294,11.294,11.294,11.029,10.897,11.029,11.294,10.844,10.844,10.628,10.844,10.22,10.844,10.22,10.22,10.844,10.844,10.844,10.22,10.925,10.844,10.172,10.172,10.925,10.49,10.172,10.22,10.281,10.172,10.415,10.172,10.49,9.6747,10.081,10.081,10.266,8.7475,10.266,9.6747,9.6747
9.2664,9.5278,9.2664,9.5278,9.5278,9.5278,9.5278,9.5278,10.368,10.255,11.039,10.667,10.61,10.403,10.403,10.151,10.151,10.686,10.623,10.623,10.652,10.652,10.584,10.88,11.249,10.652,10.88,11.21,11.483,11.249,11.249,11.249,11.249,11.2,10.88,11.2,11.249,10.737,10.737,11.031,10.737,10.341,10.737,10.341,10.341,10.737,10.737,10.737,10.341,11.124,10.737,10.345,10.345,11.124,10.512,10.345,10.341,10.306,10.345,10.572,10.345,10.512,9.6965,10.138,10.138,10.366,9.1401,10.366,9.6965,9.6965
9.3578,9.42,9.3578,9.42,9.42,9.42,9.42,9.42,10.22,10.303,11.6,10.533,10.436,10.41,10.41,10.166,10.166,10.531,10.698,10.698,10.662,10.662,10.563,11,10.974,10.662,11,11.36,11.554,10.974,10.974,10.974,10.974,10.894,11,10.894,10.974,10.668,10.668,10.738,10.668,10.496,10.668,10.496,10.496,10.668,10.668,10.668,10.294,11.039,10.668,10.413,10.413,11.039,10.519,10.413,10.496,10.175,10.413,10.679,10.413,10.519,10.242,10.187,10.187,10.258,9.2788,10.258,10.242,10.242
9.576,9.4197,9.576,9.4197,9.4197,9.4197,9.4197,9.4197,10.214,10.381,11.293,10.582,10.804,10.269,10.269,10.232,10.232,10.448,10.581,10.581,10.614,10.614,10.364,10.808,10.497,10.614,10.808,11.213,10.249,10.497,10.497,10.497,10.497,10.844,10.808,10.844,10.497,10.587,10.587,10.351,10.587,10.648,10.587,10.648,10.648,10.587,10.587,10.587,10.389,11.021,10.587,10.504,10.504,11.021,10.434,10.504,10.648,10.261,10.504,10.632,10.504,10.434,10.358,10.293,10.293,10.518,9.5997,10.518,10.358,10.358
9.5069,9.1906,9.5069,9.1906,9.1906,9.1906,9.1906,9.1906,9.9495,10.417,10.496,10.543,10.537,10.014,10.014,10.063,10.063,10.043,10.208,10.208,10.472,10.472,10.193,10.721,10.48,10.472,10.721,11.041,10.676,10.48,10.48,10.48,10.48,10.465,10.721,10.465,10.48,10.478,10.478,10.205,10.478,10.575,10.478,10.575,10.575,10.478,10.478,10.478,10.159,10.73,10.478,10.347,10.347,10.73,10.177,10.347,10.575,10.403,10.347,10.502,10.347,10.177,10.74,10.209,10.209,10.418,9.4248,10.418,10.74,10.74
9.1496,9.0603,9.1496,9.0603,9.0603,9.0603,9.0603,9.0603,9.3269,10.032,9.9663,9.9151,10.059,9.4878,9.4878,9.6207,9.6207,9.6294,9.7373,9.7373,9.9648,9.9648,9.6422,10.447,10.048,9.9648,10.447,10.247,10.176,10.048,10.048,10.048,10.048,9.9092,10.447,9.9092,10.048,9.9244,9.9244,9.8265,9.9244,9.9287,9.9244,9.9287,9.9287,9.9244,9.9244,9.9244,9.9149,10.127,9.9244,9.8872,9.8872,10.127,9.7237,9.8872,9.9287,9.989,9.8872,10.26,9.8872,9.7237,9.6487,9.8512,9.8512,10.084,9.1404,10.084,9.6487,9.6487
9.0083,9.0977,9.0083,9.0977,9.0977,9.0977,9.0977,9.0977,9.2558,9.9932,9.8281,9.8544,10,9.4373,9.4373,9.6302,9.6302,9.4805,9.5966,9.5966,9.8738,9.8738,9.6232,10.058,9.8139,9.8738,10.058,10.019,10.104,9.8139,9.8139,9.8139,9.8139,9.8657,10.058,9.8657,9.8139,9.6971,9.6971,9.7135,9.6971,9.7406,9.6971,9.7406,9.7406,9.6971,9.6971,9.6971,9.6923,9.7533,9.6971,9.7599,9.7599,9.7533,9.6486,9.7599,9.7406,9.8218,9.7599,10.333,9.7599,9.6486,9.5284,9.7488,9.7488,10.009,9.0681,10.009,9.5284,9.5284
9.1016,9.2021,9.1016,9.2021,9.2021,9.2021,9.2021,9.2021,9.1851,10.024,9.7368,9.8204,10.002,9.4954,9.4954,9.6012,9.6012,9.4661,9.5299,9.5299,9.7541,9.7541,9.5832,10.041,9.5348,9.7541,10.041,9.9985,9.8957,9.5348,9.5348,9.5348,9.5348,9.7794,10.041,9.7794,9.5348,9.6567,9.6567,9.7579,9.6567,9.7418,9.6567,9.7418,9.7418,9.6567,9.6567,9.6567,9.7913,10.001,9.6567,9.6524,9.6524,10.001,9.6203,9.6524,9.7418,9.8046,9.6524,10.213,9.6524,9.6203,9.5251,9.8257,9.8257,9.9233,9.2254,9.9233,9.5251,9.5251
8.8985,9.172,8.8985,9.172,9.172,9.172,9.172,9.172,9.2062,9.6845,9.6338,9.786,9.8697,9.4626,9.4626,9.476,9.476,9.3875,9.5337,9.5337,9.8165,9.8165,9.6912,9.8704,9.8038,9.8165,9.8704,9.866,10.033,9.8038,9.8038,9.8038,9.8038,9.6597,9.8704,9.6597,9.8038,9.6815,9.6815,9.7197,9.6815,9.8486,9.6815,9.8486,9.8486,9.6815,9.6815,9.6815,9.8727,9.8736,9.6815,9.5583,9.5583,9.8736,9.5236,9.5583,9.8486,9.7767,9.5583,9.991,9.5583,9.5236,9.4821,9.7478,9.7478,9.9537,9.4789,9.9537,9.4821,9.4821
9.0721,9.3012,9.0721,9.3012,9.3012,9.3012,9.3012,9.3012,9.1284,9.6611,9.3883,9.7666,9.7776,9.4317,9.4317,9.4982,9.4982,9.4593,9.6622,9.6622,9.7142,9.7142,9.6013,9.8233,9.5871,9.7142,9.8233,9.8133,10.047,9.5871,9.5871,9.5871,9.5871,9.4712,9.8233,9.4712,9.5871,9.7291,9.7291,9.6934,9.7291,9.7633,9.7291,9.7633,9.7633,9.7291,9.7291,9.7291,9.8359,9.6719,9.7291,9.4779,9.4779,9.6719,9.65,9.4779,9.7633,9.7362,9.4779,10.013,9.4779,9.65,9.4762,9.8294,9.8294,10.092,9.4821,10.092,9.4762,9.4762
8.8982,9.2449,8.8982,9.2449,9.2449,9.2449,9.2449,9.2449,9.0567,9.362,9.4187,9.5109,9.7458,9.4261,9.4261,9.5372,9.5372,9.4048,9.6186,9.6186,9.6354,9.6354,9.612,9.7952,9.5667,9.6354,9.7952,9.7184,9.8169,9.5667,9.5667,9.5667,9.5667,9.4579,9.7952,9.4579,9.5667,9.6874,9.6874,9.5429,9.6874,9.7785,9.6874,9.7785,9.7785,9.6874,9.6874,9.6874,9.7897,9.5773,9.6874,9.3846,9.3846,9.5773,9.4936,9.3846,9.7785,9.514,9.3846,9.835,9.3846,9.4936,8.7403,9.7289,9.7289,9.9434,9.5805,9.9434,9.8526,8.7403
9.0111,9.1696,9.0111,9.1696,9.1696,9.1696,9.1696,9.1696,8.9884,9.3824,9.2197,9.4557,9.5906,9.3357,9.3357,9.3807,9.3807,9.3654,9.5056,9.5056,9.5485,9.5485,9.5191,9.6677,9.4575,9.5485,9.6677,9.5892,9.6849,9.4575,9.4575,9.4575,9.4575,9.3657,9.6677,9.3657,9.4575,9.7141,9.7141,9.5026,9.7141,9.7273,9.7141,9.7273,9.7273,9.7141,9.7141,9.7141,9.5766,9.5494,9.7141,9.3921,9.3921,9.5494,9.4586,9.3921,9.7273,9.4887,9.3921,9.6763,9.3921,9.4586,8.8229,9.6922,9.6922,9.9345,9.5306,9.9345,9.7629,8.8229
8.8907,9.1062,8.8907,9.1062,9.1062,9.1062,9.1062,9.1062,8.9426,9.162,9.1356,9.412,9.4681,9.2667,9.2667,9.3549,9.3549,9.1965,9.4093,9.4093,9.4337,9.4337,9.4875,9.4618,9.3576,9.4337,9.4618,9.3891,9.5358,9.3576,9.3576,9.3576,9.3576,9.2498,9.4618,9.2498,9.3576,9.5994,9.5994,9.3121,9.5994,9.5951,9.5994,9.5951,9.5951,9.5994,9.5994,9.5994,9.4669,9.4645,9.5994,9.3436,9.3436,9.4645,9.3597,9.3436,9.5951,9.4134,9.3436,9.6525,9.3436,9.3597,8.9025,9.5819,9.5227,9.723,9.4305,9.723,9.7117,8.9025
8.9194,9.0561,8.9194,9.0561,9.0561,9.0561,9.0561,9.0561,8.9758,9.1564,9.1043,9.3648,9.4751,9.2842,9.2842,9.3115,9.3115,9.1743,9.3986,9.3986,9.3852,9.3852,9.4741,9.3239,9.3986,9.3852,9.3239,9.3007,9.3358,9.3986,9.3986,9.3986,9.3986,9.1286,9.3239,9.1286,9.3986,9.5889,9.5889,9.2795,9.5889,9.5921,9.5889,9.5921,9.5921,9.5889,9.5889,9.5889,9.3243,9.2494,9.5889,9.2846,9.2846,9.2494,9.3278,9.2846,9.5921,9.5716,9.2846,9.4831,9.2846,9.3278,9.3133,9.6057,9.2994,9.6888,9.1969,9.6888,9.4527,9.3133
8.8651,9.0647,8.8651,9.0647,9.0647,9.0647,9.0647,9.0647,8.9213,9.1009,9.145,9.2711,9.396,9.1208,9.1208,9.3238,9.3238,9.1539,9.319,9.319,9.3535,9.3535,9.4565,9.2835,9.3746,9.3535,9.2835,9.1331,9.2697,9.3746,9.3746,9.3746,9.3746,9.1371,9.2835,9.1371,9.3746,9.5678,9.5678,9.2785,9.5678,9.6581,9.5678,9.6581,9.6581,9.5678,9.5678,9.5678,9.3835,9.1739,9.5678,9.303,9.303,9.1739,9.4763,9.303,9.6581,9.4113,9.303,9.5616,9.303,9.4763,8.54,9.3904,9.4491,9.534,9.1406,9.534,9.2851,8.54
8.7996,9.0552,8.7996,9.0552,9.0552,9.0552,9.0552,9.0552,8.9145,9.0264,9.1033,9.2764,9.3675,9.1496,9.1496,9.3101,9.3101,9.0444,9.3904,9.3904,9.389,9.389,9.4799,9.2266,9.3698,9.389,9.2266,9.2178,9.2889,9.3698,9.3698,9.3698,9.3698,9.3728,9.2266,9.3728,9.3698,9.5523,9.5523,9.2831,9.5523,9.6539,9.5523,9.6539,9.6539,9.5523,9.5523,9.5523,9.3841,9.2619,9.5523,9.3134,9.3134,9.2619,9.377,9.3134,9.6539,9.4047,9.3134,9.3969,9.3134,9.377,8.5096,9.3624,9.4383,9.4783,9.0742,9.4783,9.1756,8.5096
8.7946,9.2068,8.7946,9.2068,9.2068,9.2068,9.2068,9.2068,8.9041,9.0172,9.143,9.284,9.3725,9.1757,9.1757,9.3608,9.3608,9.1457,9.3644,9.3644,9.3852,9.3852,9.4509,9.1644,9.3216,9.3852,9.1644,9.2058,9.2653,9.3216,9.3216,9.3216,9.3216,9.2564,9.1644,9.2564,9.3216,9.5892,9.5892,9.2243,9.5892,9.5888,9.5892,9.5888,9.5888,9.5892,9.5892,9.5892,9.347,9.2526,9.5892,9.3287,9.3287,9.2526,9.3619,9.3287,9.5888,9.3957,9.3287,9.3903,9.3287,9.3619,8.5435,9.4279,9.4629,9.4609,9.2375,9.4609,9.2702,8.5435
8.7476,9.0444,8.7476,9.0444,9.0444,9.0444,9.0444,9.0444,8.8361,8.9164,9.0269,9.1098,9.1753,8.8684,8.8684,9.2178,9.2178,8.9544,9.1881,9.1881,9.423,9.423,9.3067,9.1001,9.1745,9.423,9.1001,9.0259,9.1432,9.1745,9.1745,9.1745,9.1745,9.1638,9.1001,9.1638,9.1745,9.5197,9.5197,9.0071,9.5197,9.3955,9.5197,9.3955,9.3955,9.5197,9.5197,9.5197,9.078,9.1102,9.5197,9.1386,9.1386,9.1102,9.2435,9.1386,9.3955,9.2177,9.1386,9.2921,9.1386,9.2435,8.4554,9.3227,9.2375,9.3197,9.0689,9.3197,9.1419,8.4554
8.7121,9.1329,8.7121,9.1329,9.1329,9.1329,9.1329,9.1329,8.8581,9.007,8.9668,9.1117,9.3844,8.9572,8.9572,9.1713,9.1713,9.0852,9.2117,9.2117,9.2886,9.2886,9.2879,9.0259,9.2268,9.2886,9.0259,8.9811,9.1558,9.2268,9.2268,9.2268,9.2268,9.1033,9.0259,9.1033,9.2268,9.5199,9.5199,9.0453,9.5199,9.4226,9.5199,9.4226,9.4226,9.5199,9.5199,9.5199,9.0903,9.097,9.5199,9.0753,9.2724,9.097,9.1934,9.2724,9.4226,9.27,9.2724,9.2646,9.2724,9.1934,8.5108,9.3318,9.2024,9.2981,8.9502,9.2981,9.0819,8.5108
8.6977,9.1363,8.6977,9.1363,9.1363,9.1363,9.1363,9.1363,8.88,8.9829,8.9645,9.078,9.2312,8.9694,8.9694,9.1474,9.1474,9.0336,9.2331,9.2331,9.0563,9.3408,9.2591,8.9823,9.1503,9.3408,8.9823,8.9528,9.1018,9.1503,9.1503,9.1503,9.1503,9.0965,8.9823,9.0965,9.1503,9.4085,9.4085,9.0048,9.4085,9.4241,9.4085,9.4241,9.4241,9.4085,9.4085,9.4085,9.1576,9.0539,9.4085,9.1808,9.237,9.0539,9.2311,9.237,9.4241,9.1934,9.237,9.2096,9.237,9.2311,8.344,9.3193,9.2162,9.2442,8.7339,9.2442,8.9946,8.344
8.7471,9.1715,8.7471,9.1715,9.1715,9.1715,9.1715,9.1715,8.816,9.0254,8.9617,9.1028,9.2695,8.9689,8.9689,9.2803,9.2803,9.0488,9.2685,9.2685,9.1056,9.3588,9.3242,9.0337,9.2548,9.3588,9.0337,8.983,9.0842,9.2548,9.2548,9.2548,9.2548,9.1061,9.0337,9.1061,9.2548,9.3904,9.3904,9.0893,9.3904,9.404,9.3904,9.404,9.404,9.3904,9.3904,9.3904,9.2,9.0734,9.3904,9.2181,9.284,9.0734,9.2439,9.284,9.404,9.2089,9.284,9.2618,9.284,9.2439,8.2705,9.2522,9.1816,9.2261,8.7771,9.2261,8.9707,8.2705
8.8503,9.2282,8.8503,9.2282,9.2282,9.2282,9.2282,9.2282,8.8741,9.0834,9.0442,9.2048,9.4131,9.0996,9.0996,9.4002,9.4002,9.0206,9.3503,9.3503,9.1793,9.4192,9.4036,9.1064,9.3149,9.4192,9.1064,9.0218,9.2619,9.3149,9.436,9.436,9.436,9.2027,9.1064,9.2027,9.3149,9.4273,9.4273,9.1294,9.4273,9.3301,9.4273,9.3301,9.3301,9.4273,9.4273,9.4273,9.2789,9.0788,9.4273,9.3188,9.2792,9.0788,9.2109,9.2792,9.3301,9.3649,9.2792,9.2985,9.2792,9.2109,8.1011,9.2625,9.2208,9.237,8.8499,9.237,8.9693,8.1011
8.8913,9.5729,8.8913,9.5729,9.5729,9.5729,9.5729,9.5729,9.3879,9.4022,9.433,9.6696,9.8185,9.5335,9.5335,9.8161,9.8161,9.3662,9.6418,9.6418,9.3686,9.7616,9.6291,9.5708,9.7396,9.7616,9.5708,9.5789,9.6537,9.7396,9.9359,9.9359,9.9359,9.6182,9.5708,9.6182,9.7396,9.908,9.908,9.5418,9.908,9.7754,9.908,9.7754,9.7754,9.908,9.908,9.908,9.5901,9.5347,9.908,9.4936,9.4077,9.5347,9.5488,9.4077,9.7754,9.5288,9.4077,9.613,9.4077,9.5488,8.3495,9.6115,9.6512,9.4747,9.0488,9.4747,9.2786,8.3495
8.9775,9.5492,8.9775,9.5492,9.5492,9.5492,9.5492,9.5492,9.4959,9.5387,9.4689,9.7636,9.8649,9.6316,9.6316,9.8608,9.8608,9.4814,9.6488,9.6488,9.5225,9.7242,9.5981,9.7276,9.8109,9.7242,9.7276,9.944,9.77,9.8109,10.106,10.106,10.106,9.7148,9.7276,9.7148,9.8109,10.139,10.139,9.5101,10.139,9.7179,10.139,9.7179,9.7179,10.139,10.139,10.139,9.7214,9.7047,10.139,9.6154,9.3609,9.7047,9.6092,9.3609,9.7179,9.7523,9.3609,9.6275,9.3609,9.6092,8.2435,9.4787,9.6334,9.3923,9.1771,9.3923,9.3527,8.2435
9.078,9.6944,9.078,9.6944,9.6944,9.6944,9.6944,9.6944,9.6727,9.4727,9.8022,9.8088,9.9375,9.6211,9.6211,9.8741,9.8741,9.5357,9.6681,9.6681,9.4731,9.6334,9.7294,9.8704,9.891,9.6334,9.8704,10.071,9.9964,9.891,10.14,10.14,10.14,9.8663,9.8704,9.8663,9.891,9.9323,9.9323,9.6607,9.9323,9.6882,9.9323,9.6882,9.6882,9.9323,9.9323,9.9323,9.7246,9.6371,9.9323,9.9029,9.5698,9.6371,9.7649,9.5698,9.6882,9.6533,9.5698,9.4694,9.5698,9.7649,8.1215,9.5573,9.761,9.4405,8.8897,9.4405,9.1936,8.1215
9.0712,9.7567,9.0712,9.7567,9.7567,9.7567,9.7567,9.7567,9.7076,9.6059,10.038,9.9831,10.192,9.858,9.858,10.139,10.139,9.6194,9.7781,9.7781,9.569,9.7996,9.727,10.069,9.7915,9.7996,10.069,10.206,10.17,9.7915,10.419,10.419,10.419,10.047,10.069,10.047,9.7915,10.248,10.248,9.8294,10.248,10.014,10.248,10.014,10.014,10.248,10.248,10.248,9.7565,9.7896,10.248,10.073,9.7511,9.7896,9.9927,9.7511,10.014,9.6247,9.7511,9.3641,9.7511,9.9927,8.5774,9.6199,9.9328,9.5829,9.1309,9.5829,9.3772,8.5774
9.1123,9.874,9.1123,9.874,9.874,9.874,9.874,9.874,9.931,9.8331,10.291,10.054,10.263,10.043,10.043,10.224,10.224,9.7953,9.9367,9.9367,9.7254,9.9366,9.8835,10.183,10.071,9.9366,10.183,10.397,10.439,10.071,10.681,10.681,10.681,10.363,10.183,10.363,10.071,10.495,10.495,9.8721,10.495,10.282,10.495,10.282,10.282,10.495,10.495,10.495,9.9786,9.8514,10.495,10.055,9.3213,9.8514,9.9758,9.3213,10.282,9.8075,9.3213,10.178,9.3213,9.9758,8.5986,9.7923,10.13,9.7972,9.6925,9.7972,9.8886,8.5986
9.2598,10.069,9.2598,10.069,10.069,10.069,10.069,10.069,9.9305,9.9625,10.398,10.186,10.479,10.354,10.354,10.327,10.327,9.9849,9.9648,9.9648,9.8678,9.9964,9.9748,10.508,10.356,9.9964,10.508,10.356,10.608,10.356,10.914,10.914,10.914,10.86,10.508,10.86,10.356,10.728,10.728,10.173,10.728,10.31,10.728,10.31,10.31,10.728,10.728,10.728,10.26,10.032,10.728,10.3,9.7467,10.032,10.022,9.7467,10.31,10.169,9.7467,10.203,9.7467,10.022,8.8186,9.9349,10.26,9.8961,9.9002,9.8961,10.038,8.8186
9.5125,10.335,9.5125,10.335,10.335,10.335,10.335,10.335,10.062,10.18,10.759,10.165,10.475,10.004,10.004,10.33,10.33,9.9653,9.8936,9.8936,9.9114,9.8583,10.032,10.57,10.38,9.8583,10.57,10.414,10.686,10.38,11,11,11,11.035,10.57,11.035,10.38,10.883,10.883,10.415,10.883,10.282,10.883,10.282,10.282,10.883,10.883,10.883,10.39,10.286,10.883,10.366,9.7497,10.286,10.038,9.7497,10.282,10.177,9.7497,10.447,9.7497,10.038,8.7861,10.076,10.42,10.054,10.109,10.054,10.485,8.7861
9.6849,10.541,9.6849,10.541,10.541,10.541,10.541,10.541,10.127,10.049,10.695,10.131,10.623,10.194,10.194,10.358,10.358,10.086,9.898,9.898,9.8577,9.8843,10.048,10.759,10.545,9.8843,10.759,10.512,10.748,10.545,10.997,10.997,10.997,11.264,10.759,11.264,10.545,10.975,10.975,10.488,10.975,10.385,10.975,10.385,10.385,10.975,10.975,10.975,10.41,10.54,10.975,10.552,8.9873,10.54,10.148,8.9873,10.385,10.214,8.9873,10.275,8.9873,10.148,8.4986,10.177,10.341,10.371,9.7788,10.371,10.271,8.4986
9.4393,10.415,9.4393,10.415,10.415,10.415,10.415,10.415,10.205,10.077,10.164,10.117,10.526,10.24,10.24,10.456,10.456,10.012,9.9942,9.9942,9.8815,9.9435,10.009,10.669,10.535,9.9435,10.669,10.25,10.661,10.535,10.992,10.992,10.992,11.29,10.669,11.29,10.535,11.053,11.053,10.479,11.053,10.366,11.053,10.366,10.366,11.053,11.053,11.053,10.352,10.656,11.053,10.412,9.7288,10.656,10.158,9.7288,10.366,10.236,9.7288,10.314,9.7288,10.158,9.1677,10.191,10.342,10.437,10.136,10.437,10.255,9.1677
9.5973,10.741,9.5973,10.741,10.741,10.741,10.741,10.741,10.032,10.091,10.576,10.141,10.786,9.9726,9.9726,10.004,10.004,10.444,10.042,10.042,10.164,9.9414,10.398,10.868,10.472,9.9414,10.868,10.747,10.542,10.472,11.043,11.043,11.043,10.912,10.868,10.912,10.472,11.127,11.127,10.57,11.127,10.638,11.127,10.638,10.35,11.127,11.127,11.127,10.601,10.417,11.127,10.607,9.337,10.417,10.263,9.337,10.638,10.334,9.337,10.364,9.337,10.263,8.7444,10.499,10.445,10.619,10.188,10.619,10.096,8.7444
10.089,10.825,10.089,10.825,10.825,10.825,10.825,10.825,9.9812,10.522,10.608,10.337,10.733,9.9719,9.9719,10.019,10.019,10.674,10.058,10.058,10.324,10.1,10.628,10.685,10.383,10.1,10.685,10.8,10.691,10.383,10.724,10.724,10.724,11.12,10.685,11.12,10.383,11.24,11.24,10.669,11.24,10.471,11.24,10.471,10.545,11.24,11.24,11.24,10.686,10.382,11.24,10.66,9.6794,10.382,10.351,9.6794,10.471,10.463,9.6794,10.356,9.6794,10.351,8.2528,10.583,10.454,10.607,10.216,10.607,10.355,8.2528
10.111,9.8009,10.111,9.8009,9.8009,11.379,9.8009,9.8009,9.9395,10.704,10.611,10.294,10.874,9.939,9.939,9.9447,9.9447,11.052,10.075,10.075,10.189,10.244,11.098,10.626,10.346,10.244,10.626,10.969,10.848,10.346,10.744,10.744,10.744,10.936,10.626,10.936,10.346,11.182,11.182,10.759,11.182,9.9583,11.182,9.9583,10.655,11.182,11.182,11.182,10.386,10.502,11.182,10.616,9.8472,10.502,10.548,9.8472,9.9583,10.521,9.8472,10.443,9.8472,10.548,8.9201,10.714,10.539,10.663,10.308,10.663,10.393,8.9201
10.273,9.9229,10.273,9.9229,9.9229,11.373,9.9229,9.9229,10.121,10.697,10.519,10.384,11.006,9.9505,9.9505,10.207,10.207,10.882,10.134,10.134,10.175,10.374,11.373,10.692,10.591,10.374,10.692,11.51,10.9,10.591,10.884,10.884,10.884,10.888,10.692,10.888,10.591,10.94,10.94,10.449,10.94,10.414,10.94,10.414,11.412,10.94,10.94,10.94,10.732,10.641,10.94,10.526,9.5819,10.641,10.518,9.5819,10.414,10.611,9.5819,10.837,9.5819,10.518,8.8643,10.615,10.57,10.753,9.5806,10.753,10.303,8.8643
10.423,9.9837,10.423,9.9837,9.9837,11.533,9.9837,9.9837,9.7681,10.127,10.167,9.8851,11.036,9.8381,9.8381,10.113,10.113,10.391,9.973,9.973,10.168,10.066,10.738,10.277,10.23,10.066,10.277,10.968,10.611,10.23,10.49,10.49,10.49,10.652,10.277,10.652,10.23,10.811,10.811,10.177,10.811,9.9215,10.811,9.9215,10.814,10.811,10.811,10.811,10.565,10.299,10.811,10.483,9.4273,10.299,10.23,9.4273,9.9215,10.266,9.4273,10.595,9.4273,10.23,9.0265,10.116,10.561,10.663,9.8833,10.663,10.228,9.0265
9.8888,9.0665,9.8888,9.0665,9.0665,10.813,9.0665,9.0665,9.2624,9.3524,9.8283,9.4062,10.688,9.4882,9.4882,9.7591,9.7591,9.7717,9.551,9.551,9.809,9.6621,9.9903,9.7967,10.156,9.6621,9.7967,9.9294,9.9991,10.156,10.068,10.068,10.068,10.401,9.7967,10.401,10.156,10.287,10.287,9.7622,10.287,9.5908,10.287,9.5908,10.171,10.287,10.287,10.287,10.271,9.8299,10.287,10.023,9.3419,9.8299,9.7704,9.3419,9.5908,9.7643,9.3419,10.221,9.3419,9.7704,8.6434,10.153,10.175,10.371,10.079,10.371,9.6681,8.6434
9.9416,9.7693,9.9416,9.7693,9.7693,10.954,9.7693,9.7693,9.1379,9.2582,9.7927,9.2638,10.39,9.3187,9.3187,9.8976,9.8976,9.734,9.4379,9.4379,9.9767,9.5434,10.475,9.796,9.8222,9.5434,9.796,10.067,10.24,9.8222,9.8958,9.8958,9.8958,9.6094,9.796,9.6094,9.8222,9.9247,9.9247,9.6604,9.9247,9.4111,9.9247,9.4111,10.28,9.9247,9.9247,9.9247,9.8828,9.8584,9.9247,9.8571,9.188,9.8584,9.5967,9.188,9.4111,9.9817,9.188,10.199,9.1974,9.5967,8.8834,10.087,10.013,10.333,10.079,10.333,9.7385,8.8834
9.9733,10.597,9.9733,10.597,10.597,10.89,10.597,10.597,9.0919,9.2477,9.6557,9.2855,10.588,9.2661,9.2661,9.5058,9.5058,9.6533,9.4531,9.4531,10.421,9.8816,10.592,9.7896,9.9733,9.8816,9.7896,10.166,10.211,9.9733,9.8861,9.8861,9.8861,9.595,9.7896,9.595,9.9733,10.089,10.089,9.7213,10.089,9.7204,10.089,9.7204,10.339,10.089,10.089,10.089,9.7981,9.8214,10.089,9.7673,9.3572,9.8214,9.8801,9.3572,9.7204,10.376,9.3572,10.255,9.2661,9.8801,8.7364,9.8584,10.003,10.121,10.049,10.121,9.9938,8.7364
10.05,10.222,10.05,10.222,10.222,10.709,10.222,10.222,9.1013,9.3877,9.71,9.3854,10.359,9.2573,9.2573,9.4026,9.4026,10.114,9.5877,9.5877,10.7,10.445,10.35,10.131,9.8977,10.445,10.131,10.453,10.341,9.8977,9.8393,9.8393,9.8393,9.8112,10.131,9.8112,9.8977,9.9102,9.9102,9.9164,9.9102,9.7443,9.9102,9.7443,10.305,9.9102,9.9102,9.9102,9.8094,9.769,9.9102,9.9314,9.5376,9.769,9.987,9.5376,9.7443,10.406,9.5376,10.396,9.5269,9.987,8.3938,9.6783,9.9817,9.8803,10.009,9.8803,9.5092,8.3938
9.7103,10.186,9.7103,10.127,10.186,10.534,10.186,10.186,9.1003,9.2751,9.5794,9.3261,10.243,9.2802,9.2802,9.4345,9.4345,10.111,9.5366,9.5366,10.518,10.394,10.15,10.039,9.9925,10.394,10.039,10.329,10.284,9.9925,9.9059,9.9059,9.9059,9.5727,10.039,9.5727,9.9925,10.053,10.053,9.6913,10.053,9.7407,10.053,9.7407,10.26,10.053,10.053,10.053,9.8956,9.6405,10.053,9.9178,9.5949,9.6405,10.083,9.5949,9.7407,10.236,9.5949,10.214,9.4296,10.083,8.7203,9.6796,9.8918,9.6894,9.8405,9.6894,9.6257,8.7203
9.4362,10.017,9.4362,9.9724,10.017,10.181,10.017,10.017,9.0756,9.1639,9.3221,9.2673,10.059,9.2705,9.2705,9.4345,9.4345,10.114,9.5991,9.5991,10.304,10.298,9.9508,9.9546,9.9994,10.298,9.9546,10.334,10.137,9.9994,9.8382,9.8382,9.8382,9.4511,9.9546,9.4511,9.9994,9.937,9.937,9.6032,9.937,9.5657,9.937,9.5657,10.141,9.937,9.937,9.937,9.7973,9.71,9.937,9.7632,9.1596,9.71,9.9396,9.1596,9.5657,9.9724,9.1596,10.25,9.3189,9.9396,8.6075,9.7329,9.7037,9.5432,9.8112,9.5432,9.532,8.6075
9.9359,9.6479,9.9359,9.7834,9.6479,9.4323,9.6479,9.6479,8.9257,9.2528,9.3224,9.3234,9.6261,9.1009,9.1009,9.2481,9.2481,10.136,9.7157,9.7157,9.65,9.9947,9.6375,9.9354,9.7139,9.9947,9.9354,10.134,9.9946,9.7139,9.8577,9.8577,9.8577,9.3515,9.9354,9.3515,9.7139,9.8206,9.8206,9.6068,9.8206,9.394,9.8206,9.394,9.9242,9.8206,9.8206,9.8206,9.6892,9.5492,9.8206,9.5182,9.0703,9.5492,9.497,9.0703,9.394,9.5175,9.0703,9.8449,9.1044,9.497,8.1389,9.5437,9.5,9.3897,9.3425,9.3897,9.2548,8.1389
8.9448,9.9791,8.9448,9.6811,9.9791,9.3317,9.9791,9.9791,8.8979,9.0272,9.2788,9.1451,9.729,9.0475,9.0475,9.3247,9.3247,9.99,9.4962,9.4962,9.7925,9.9761,9.6291,9.836,9.6984,9.9761,9.836,10.242,9.909,9.6984,9.5883,9.5883,9.5883,9.2996,9.836,9.2996,9.6984,9.7356,9.7356,9.3221,9.7356,9.2385,9.7356,9.2385,9.7763,9.7356,9.7356,9.7356,9.5073,9.4937,9.7356,9.6647,8.9717,9.4937,9.4431,8.9717,9.2385,9.5318,8.9717,9.4145,9.0487,9.4431,8.1133,9.4623,9.4531,9.3922,9.3125,9.3922,9.123,8.1133
8.9589,9.7825,8.9589,9.3014,9.7825,9.0935,9.7825,9.7825,8.8272,8.9956,9.1416,9.1499,9.4463,8.9597,8.9597,9.248,9.248,9.9142,9.4457,9.4457,9.4362,9.9448,9.6035,9.7403,9.7371,9.9448,9.7403,10.152,9.8296,9.7371,9.5524,9.5524,9.5524,9.3352,9.7403,9.3352,9.7371,9.4976,9.4976,9.2251,9.4976,9.1559,9.4976,9.1559,9.7117,9.4976,9.4976,9.4976,9.455,9.2761,9.4976,9.4904,8.9002,9.2761,9.3317,8.9002,9.1559,9.3442,8.9002,9.4501,8.95,9.3317,8.0214,9.3538,9.3148,9.2989,9.1491,9.2989,9.043,8.0214
8.9251,9.8284,8.9251,9.243,9.8284,9.0533,9.8284,9.8284,8.8795,8.9027,9.0871,9.0609,9.4499,8.9225,8.9225,9.2671,9.2671,9.477,9.3405,9.3405,9.4417,9.9065,9.6186,9.734,9.698,9.9065,9.734,10.206,9.8548,9.698,9.525,9.525,9.525,9.2538,9.734,9.2538,9.698,9.4575,9.4575,9.2258,9.4575,9.1013,9.4575,9.1013,9.6404,9.4575,9.4575,9.4575,9.3542,9.3169,9.4575,9.4444,9.0175,9.3169,9.2699,9.0175,9.1013,9.2716,9.0175,9.4976,8.7374,9.2699,7.9476,9.2379,9.3087,9.1059,9.2198,9.1059,9.2183,7.9476
9.1367,9.6482,9.1367,9.0952,9.6482,9.08,9.6482,9.6482,8.8935,8.9571,9.1202,9.1839,9.3664,8.9486,8.9486,9.2765,9.2765,9.5306,9.5108,9.5108,9.3847,9.868,9.6257,9.7915,9.6039,9.868,9.7915,10.212,9.9073,9.6039,9.5053,9.5472,9.5472,9.2379,9.7915,9.2379,9.6039,9.5464,9.5464,9.2579,9.5303,9.3968,9.5303,9.3968,9.6636,9.5303,9.5303,9.5303,9.3945,9.4436,9.5303,9.3998,9.0261,9.4436,9.294,9.0261,9.3968,9.3121,9.0261,9.4039,8.7387,9.294,7.5702,9.3241,9.2557,9.2217,9.0848,9.2217,8.9419,7.5702
9.0032,9.4378,9.0032,9.0263,9.4378,9.0179,9.4378,9.4378,8.9068,8.9053,9.0205,9.0826,9.3064,8.9452,8.9452,9.2754,9.2754,9.4331,9.358,9.358,9.3439,9.7717,9.5647,9.5067,9.571,9.7717,9.5067,10.262,9.7342,9.571,9.4917,9.5801,9.5801,9.1658,9.5067,9.1658,9.571,9.3994,9.3994,9.2648,9.4482,9.2536,9.4482,9.2536,9.5944,9.4482,9.4482,9.4482,9.3584,9.2976,9.4482,9.3515,9.1093,9.2976,9.2451,9.1093,9.2536,9.1957,9.1093,9.2967,8.7801,9.2451,7.8742,9.2265,9.1427,9.1144,9.2013,9.1144,9.0719,7.8742
9.216,9.2076,9.216,9.0462,9.2076,8.9932,9.2076,9.2076,8.8307,8.9147,8.8978,9.1586,9.1301,8.9177,8.9177,9.3148,9.3148,9.4986,9.3422,9.3422,9.2435,9.6657,9.4676,9.6713,9.4106,9.6657,9.6713,10.076,9.7395,9.4106,9.4369,9.5534,9.5534,9.1714,9.6713,9.1714,9.4106,9.3524,9.3524,9.2613,9.2845,9.3146,9.2845,9.3146,9.5036,9.2845,9.2845,9.2845,9.2443,9.2389,9.2845,9.1958,8.9276,9.2389,9.2436,9.0622,9.3146,9.1551,8.9276,9.2253,8.6882,9.2436,7.7037,9.1538,9.1265,9.1375,9.0488,9.1375,8.9265,7.7037
9.0442,8.7718,9.0442,8.968,8.7718,8.9286,8.7718,8.7718,8.8912,8.8602,8.9747,8.9677,9.2688,8.9272,8.9272,9.1817,9.1817,9.2814,9.2916,9.2916,9.309,9.5512,9.4061,9.4667,9.4606,9.5512,9.4667,10.071,9.6263,9.4606,9.3669,9.4666,9.4666,9.1258,9.4667,9.1258,9.4606,9.2796,9.2796,9.2298,9.2721,9.2543,9.2721,9.2543,9.4466,9.2721,9.2721,9.2721,9.299,9.2206,9.2721,9.2242,9.0548,9.2206,9.2931,9.1594,9.2543,9.1118,9.0548,8.9899,8.9149,9.2931,7.9374,9.1504,9.1349,9.0997,9.0333,9.0997,9.0346,7.9374
9.2049,8.7963,9.2049,8.9636,8.7963,8.8913,8.7963,8.7963,8.7925,8.7964,8.9939,9.0244,9.0956,8.8845,8.8845,9.2613,9.2613,9.3118,9.3039,9.3039,9.1658,9.4728,9.359,9.4039,9.2688,9.4728,9.4039,10.099,9.4821,9.2688,9.3409,9.3908,9.3908,9.097,9.4039,9.097,9.7215,9.2278,9.2278,9.0761,9.1622,9.2733,9.1622,9.2733,9.3687,9.1622,9.1622,9.1622,9.2149,9.1989,9.1622,9.1082,8.9654,9.1989,9.0853,9.1629,9.2733,9.0265,8.9654,9.0971,9.0629,9.0853,8.1755,9.0284,9.1256,9.077,9.0847,9.077,8.9747,8.1755
9.0071,8.7748,9.0071,9.0322,8.7748,8.8664,8.7748,8.7748,8.8485,8.8426,8.9581,9.0259,9.196,8.9132,8.9132,9.2897,9.2897,9.1856,9.2675,9.2675,9.2099,9.4647,9.3523,9.3337,9.3421,9.4647,9.3337,10.049,9.5045,9.3421,9.3818,9.4338,9.4338,9.134,9.3337,9.134,9.6948,9.182,9.182,9.1213,9.1629,9.095,9.1629,9.095,9.3366,9.2171,9.1629,9.2171,9.2684,9.1646,9.2171,9.1241,9.1431,9.1646,9.1323,9.1338,9.0041,9.1333,9.1431,9.1224,9.1245,9.1323,8.1667,9.0072,9.025,9.0874,9.1301,9.0874,8.9187,8.1667
8.8551,8.8469,8.8551,8.9025,8.8469,8.8739,8.8469,8.8469,8.8118,8.9167,8.9782,9.0695,9.1011,9.049,9.049,9.3184,9.3184,9.3048,9.3418,9.3418,9.1544,9.4556,9.3826,9.3963,9.4036,9.4556,9.3963,10.016,9.5451,9.4036,9.4189,9.4017,9.4017,9.1159,9.3963,9.0822,9.6032,9.0898,9.0898,9.1662,9.2082,9.251,9.2082,9.251,9.3355,9.2666,9.2082,9.2666,9.2739,9.1854,9.2666,9.0745,9.1561,9.1854,9.0584,9.2458,9.1471,9.0478,9.1561,9.0957,9.1694,9.0584,8.0582,9.0516,9.0397,9.0748,9.1062,9.0748,8.8456,8.0582
8.8308,8.9289,8.8308,8.9596,8.9289,8.9369,8.9289,8.9289,9,9.0388,9.0844,9.1258,9.2177,9.0512,9.0512,9.3721,9.3721,9.3516,9.3472,9.3472,9.1945,9.6231,9.5,9.38,9.5008,9.6231,9.38,9.9549,9.4182,9.5008,9.5114,9.4534,9.4534,9.1694,9.38,9.1189,9.4676,9.2726,9.2726,9.302,9.2916,9.3952,9.2916,9.3952,9.3391,9.2829,9.2916,9.2829,9.2993,9.3022,9.2829,9.131,9.2731,9.1143,9.1211,9.3296,9.3146,9.0754,9.2731,9.1158,9.2674,9.1211,8.2316,9.1266,9.0952,9.127,9.2192,9.127,8.9489,8.2316
9.1268,9.2351,9.1268,9.2944,9.2351,9.3011,9.2351,9.2351,9.2987,9.5262,9.5617,9.5705,9.6185,9.4951,9.4951,9.6718,9.6718,9.5358,9.7586,9.7586,9.5766,9.7931,9.7673,9.6068,9.892,9.7931,9.6068,9.7819,9.7598,9.892,9.8318,9.8267,9.8267,9.5955,9.6068,9.5592,9.7956,9.6541,9.6541,9.6177,9.6307,9.6606,9.6307,9.6606,9.748,9.6802,9.6307,9.6802,9.6228,9.4688,9.6802,9.3183,9.5264,9.265,9.3814,9.5712,9.5176,9.467,9.5264,9.2908,9.3322,9.3814,8.2382,9.3033,9.2945,9.2306,9.2391,9.2306,8.8478,8.2382
9.4572,9.1994,9.4572,9.5034,9.1994,9.4372,9.1994,9.1994,9.5405,9.9396,9.9096,9.7859,9.6742,9.6868,9.6868,9.7564,9.7564,9.6141,9.7937,9.7937,9.8388,9.9608,9.8936,9.8205,9.9526,9.9608,9.8205,9.8387,9.8901,9.9526,9.9531,9.9875,9.9875,9.7323,9.8205,9.7531,9.8569,9.8216,9.8216,9.6919,9.6844,9.6544,9.6844,9.6544,10.024,9.7997,9.6844,9.7997,9.8533,9.6255,9.7997,9.6025,9.613,9.3907,9.5438,9.6525,9.643,9.468,9.613,9.4547,9.3781,9.5438,8.3526,9.2372,9.3804,9.2831,9.2909,9.2831,8.9977,8.3526
9.3168,9.0936,9.3168,9.3835,9.0936,9.4407,9.0936,9.0936,9.639,9.909,10.167,9.8538,10.019,9.7885,9.7885,9.8336,9.8336,9.8588,10.063,10.063,9.9537,9.9465,9.9727,10.034,9.9512,9.9465,10.034,9.9742,10.019,9.9512,10.133,9.9137,9.9137,9.9224,10.034,9.8084,9.957,10.075,10.075,10.09,9.8153,9.6968,9.8153,9.6968,10.119,10.016,9.8153,10.016,9.794,9.8848,10.016,9.7425,9.748,9.5776,9.4933,9.574,9.553,9.5342,9.748,9.6175,9.4871,9.4933,8.4326,9.4275,9.4552,9.4304,9.2076,9.4304,9.3266,8.4326
9.3794,9.3358,9.3794,9.6797,9.3358,9.4215,9.3358,9.3358,9.6068,10.323,9.9812,10.211,10.262,10.298,10.298,10.142,10.142,10.049,10.177,10.177,9.9125,10.144,10.071,10.406,10.024,10.144,10.406,10.118,10.27,10.024,10.225,9.9866,9.9866,10.281,10.406,10.165,10.076,10.426,10.426,10.041,9.9561,9.6303,9.9561,9.6303,10.154,10.298,9.9192,10.298,10.081,9.9632,10.298,9.9558,9.9682,9.5804,9.5763,9.5139,9.7374,9.6195,9.9682,9.6358,9.3742,9.5763,7.959,9.4783,9.5543,9.431,9.0281,9.431,9.2325,7.959
9.3005,9.5584,9.3005,9.7401,9.5584,9.5183,9.5584,9.5584,9.6849,10.188,10.554,10.3,10.226,10.504,10.504,10.067,10.067,10.209,10.416,10.416,10.15,10.139,10.274,10.68,10.159,10.139,10.68,10.459,10.301,10.159,10.262,10.052,10.052,10.524,10.68,10.119,10.168,10.651,10.651,10.143,10.229,9.7008,10.229,9.7008,10.008,10.632,10.031,10.632,10.305,9.9261,10.632,10.237,10.115,9.6425,9.6553,9.6422,10.041,9.6652,10.115,9.8068,9.6575,9.6553,8.3133,9.5935,9.7375,9.5709,9.4773,9.5709,9.1651,8.3133
9.702,9.4952,9.702,9.807,9.4952,9.5682,9.4952,9.4952,9.8822,10.162,12.274,10.746,10.346,10.568,10.568,10.251,10.251,10.262,10.539,10.539,10.32,10.341,10.331,11.063,10.221,10.341,11.063,10.509,10.272,10.221,10.385,10.149,10.149,10.509,11.063,10.027,10.148,10.724,10.724,10.254,10.454,9.955,10.454,9.955,10.027,10.765,10.082,10.765,10.323,9.9909,10.765,10.298,10.147,9.7251,9.7343,9.5857,10.091,9.691,10.147,9.7271,9.6632,9.7343,8.3346,9.6596,9.813,9.6206,9.295,9.6206,9.4799,8.3346
9.612,9.5698,9.612,9.9428,9.5698,9.599,9.5698,9.5698,9.9551,10.364,12.014,10.781,10.337,10.662,10.662,10.391,10.391,10.285,10.64,10.64,10.421,10.606,10.486,11.009,10.284,10.606,11.009,10.738,10.366,10.284,10.433,10.123,10.123,10.622,11.009,10.286,10.285,11.026,11.026,10.223,10.792,10.101,10.792,10.101,10.425,11.093,10.174,11.093,10.149,10.139,11.093,10.339,10.337,9.8811,9.9428,9.9835,9.9355,9.845,10.337,9.8305,9.6801,9.9428,8.5169,9.7205,9.9408,9.6662,9.3573,9.6662,9.6068,8.5169
9.6529,9.6906,9.6529,9.9738,9.6906,9.6728,9.6906,9.6906,10.008,10.435,11.975,10.828,10.394,10.737,10.737,10.531,10.531,10.499,10.776,10.776,10.437,10.623,10.489,10.801,10.369,10.623,10.801,10.773,10.46,10.369,10.526,10.36,10.36,10.658,10.801,10.526,10.398,11.295,11.295,10.297,11.18,10.031,11.18,10.031,10.58,10.886,10.242,10.886,10.541,10.319,10.886,10.169,10.524,9.9617,10.06,10.05,10.226,9.9448,10.524,10.011,9.7671,10.06,8.3778,9.8165,10.08,9.6736,9.4314,9.6736,9.7711,8.3778
9.6192,9.5914,9.6192,10.017,9.5914,9.8107,9.5914,9.5914,9.9821,10.448,10.198,10.359,10.462,10.838,10.838,10.566,10.566,10.42,10.867,10.867,10.289,10.736,10.527,10.394,10.315,10.736,10.394,10.719,10.431,10.315,10.512,9.7794,9.7794,10.405,10.394,10.481,10.35,10.875,10.875,10.782,10.924,9.4232,10.924,9.4232,10.82,10.856,10.598,10.856,10.525,10.123,10.856,10.414,10.458,10.111,10.113,9.74,9.5851,9.8534,10.458,9.9589,9.4996,10.113,8.5093,9.7775,10.108,9.6839,9.6077,9.6839,9.5479,8.5093
9.6687,9.6523,9.6687,10.068,9.6523,9.863,9.6523,9.6523,10.119,10.356,10.487,10.726,10.526,10.907,10.907,10.876,10.876,10.423,10.73,10.847,10.346,10.423,10.439,10.475,10.212,10.423,10.475,10.738,10.551,10.212,10.565,9.4589,9.4589,10.913,10.475,10.982,10.581,10.902,10.902,10.934,11.095,9.8845,11.095,9.8845,10.835,10.697,10.211,10.697,10.857,10.314,10.697,10.434,10.818,10.198,10.302,10.452,10.185,10.048,10.818,10.033,9.4103,10.302,8.7268,9.9261,10.398,9.8013,9.3543,9.8013,9.8122,8.7268
9.3539,9.4766,9.3539,9.9672,9.4766,9.837,9.4766,9.4766,9.953,10.143,10.633,10.845,10.483,11.05,11.05,10.802,10.802,10.335,10.616,10.637,10.186,10.175,10.253,10.241,10.296,10.175,10.241,10.496,10.446,10.296,10.639,9.9,9.9,11.008,10.241,12.094,10.493,10.505,10.505,10.415,10.853,10.157,10.541,10.157,10.564,10.538,10.036,10.538,10.33,10.278,10.538,10.214,10.507,10.296,10.335,10.39,10.21,10.014,10.507,10.02,9.7151,10.335,8.4617,9.9606,10.41,9.7854,9.569,9.7854,9.645,8.4617
9.3883,9.6672,9.3883,10.11,9.6672,9.9164,9.6672,9.6672,10.031,10.619,10.626,11.722,10.564,10.837,10.837,10.657,10.657,10.215,10.584,10.506,10.172,10.064,10.217,10.36,10.289,10.064,10.36,10.868,10.379,10.289,10.396,9.63,9.63,11.027,10.36,12.081,10.526,10.407,10.407,10.615,10.925,10.388,10.829,10.388,10.614,10.643,10.205,10.643,10.335,10.187,10.643,10.249,10.435,10.351,10.446,10.646,10.457,9.9924,10.435,10.093,9.7192,10.446,8.6756,10.115,10.341,9.9031,9.7031,9.9031,9.8141,8.6756
9.5597,9.9985,9.5597,10.11,9.9985,9.911,9.9985,9.9985,9.8754,10.695,10.748,12.312,10.804,10.838,10.838,10.692,10.686,10.177,10.546,10.544,10.22,10.243,10.14,10.285,10.29,10.243,10.285,11.02,10.424,10.29,10.684,9.4215,9.4215,11.753,10.285,12.101,10.507,10.377,10.377,10.408,10.63,10.129,10.67,10.129,10.689,10.702,10.057,10.702,10.398,10.218,10.702,10.257,10.729,10.461,10.664,10.364,10.728,10.082,10.361,10.108,10.027,10.122,8.7077,10.302,10.362,10.153,9.763,10.153,9.7478,8.7077
9.207,9.7487,9.207,9.802,9.7487,9.6686,9.7487,9.7487,9.4989,10.463,13.358,11.237,9.9877,10.526,10.526,10.234,10.42,9.8925,10.128,10.149,9.8211,9.8735,9.8054,9.9512,9.8831,9.8735,9.9512,10.338,10.078,9.8831,9.8325,9.5945,9.5945,11.309,9.9512,10.606,10.137,10.042,10.042,9.907,10.207,10.273,10.035,10.273,10.518,10.643,9.9752,10.643,10.085,10.044,10.643,9.9146,10.117,10.125,10.271,9.9986,10.07,9.9057,10.265,9.8787,9.8506,9.8167,8.9978,9.957,10.183,9.9098,9.6911,9.9098,9.7031,8.9978
8.955,9.523,8.955,9.4513,9.523,9.5188,9.523,9.523,9.5891,10.817,13.213,9.7621,9.6674,10.114,10.114,9.9729,9.9185,9.558,9.7066,9.8682,9.4261,9.6387,9.5646,9.5056,9.707,9.6387,9.5056,9.6684,9.7785,9.707,9.6557,9.7665,9.7665,10.829,9.5056,9.8748,9.6476,10.132,10.132,9.7393,9.6743,10.068,9.6757,10.068,10.019,10.167,9.6725,9.6334,9.653,9.9095,10.167,9.6833,9.7325,9.7443,10.012,10.241,9.7049,9.7173,9.9046,9.6734,9.6196,9.544,8.9609,9.6,9.9718,9.7738,9.5635,9.7738,9.6216,8.9609
8.9526,9.3169,8.9526,9.3494,9.3169,9.5346,9.3169,9.3169,9.5545,11.213,9.7691,9.6071,9.5298,9.9972,9.9972,9.73,9.5704,9.5641,9.5496,9.7279,9.3255,9.7117,9.5737,9.4478,9.5686,9.7117,9.4478,9.7712,9.6288,9.5686,9.705,9.6552,9.6552,9.8065,9.4478,9.5695,9.5124,10.116,10.116,9.5816,9.8405,9.8647,10.077,9.8647,9.9779,9.8556,9.5257,9.6167,9.6119,9.7848,9.8556,9.6133,9.7166,9.6533,9.9353,9.6319,9.7707,9.5733,9.453,9.5991,9.7262,9.5149,8.7941,9.6301,9.8119,9.6898,9.3483,9.6898,9.2259,8.7941
9.0384,9.2963,9.0384,9.4173,9.2963,9.5383,9.2963,9.2963,9.2763,12.58,9.2664,9.5526,9.5636,9.9002,9.9002,9.7447,9.6358,9.533,9.5065,9.7401,9.2659,9.738,9.5689,9.3413,9.6341,9.738,9.3413,9.44,9.8773,9.6341,9.9055,9.8669,9.8669,9.6557,9.3413,9.6462,9.8514,9.8871,9.8871,9.451,9.7573,9.7751,9.8447,9.7751,9.7137,9.5666,9.356,9.511,9.5932,9.9518,9.5666,9.5127,9.6997,9.64,10.278,9.7315,9.8788,9.522,9.4562,9.594,9.7193,9.4049,8.8951,9.4404,9.8176,9.6694,9.4236,9.6694,9.4987,8.8951
9.2308,9.4099,9.2308,9.3819,9.4099,9.2549,9.4099,9.4099,8.831,10.492,9.3012,9.5336,9.417,9.7482,9.7482,9.6186,9.7151,9.354,9.5203,9.6152,9.2432,9.538,9.3612,9.4227,9.5632,9.538,9.4227,9.3811,9.7976,9.5632,9.7251,9.6719,9.6719,9.584,9.4227,9.5007,9.7648,9.6759,9.6759,9.4502,9.5755,9.8962,9.6651,9.8962,9.6071,9.4171,9.4022,9.4047,9.5242,10.152,9.4171,9.4581,9.607,9.4861,9.7713,9.6234,9.7358,9.3786,9.3824,9.4813,9.8124,9.3225,8.9779,9.3484,9.6523,9.5812,9.3109,9.5812,9.3272,8.9779
9.1474,9.4944,9.1474,9.2982,9.4944,9.2482,9.4944,9.2191,8.8214,9.4005,9.0293,9.4491,9.4799,9.5144,9.5144,9.5473,9.6128,9.2502,9.3955,9.5328,9.2124,9.405,9.357,9.4829,9.3854,9.405,9.4829,9.3956,9.6566,9.3854,9.8934,9.6154,9.6154,9.487,9.4829,9.5032,9.5905,9.5486,9.5486,9.4282,9.6688,9.677,9.4798,9.677,9.5428,9.3604,9.3983,9.2812,9.3325,9.5481,9.3604,9.3184,9.4559,9.4004,9.4828,9.5132,9.4552,9.3588,9.281,9.4374,9.6079,9.2872,8.8333,9.2988,9.4565,9.5504,9.2617,9.3926,9.217,8.8333
8.938,9.1592,8.938,9.0929,9.1592,9.0557,9.1592,9.187,8.8272,9.0857,9.0256,9.4068,9.4714,9.429,9.429,9.5926,9.4529,9.2199,9.3306,9.4694,9.1328,9.4183,9.4159,9.4493,9.4059,9.4183,9.4493,9.5437,9.5336,9.4059,9.419,9.6429,9.6429,9.4807,9.4493,9.5224,9.5521,9.3805,9.3805,9.3844,9.3617,9.4645,9.2682,9.4645,9.6377,9.3132,9.2637,9.2475,9.3269,9.4161,9.3132,9.3041,9.3893,9.401,9.3736,9.4713,9.2298,9.2866,9.2749,9.3826,9.5225,9.2672,8.6541,9.2341,9.3961,9.4422,9.1734,9.3757,9.1212,8.6541
8.7207,9.1481,8.7207,8.998,9.1481,9.2422,9.1481,9.0859,8.8528,8.8462,8.8794,9.1379,9.5982,9.1866,9.1866,9.3982,9.4379,9.2015,9.3076,9.3423,9.2178,9.4267,9.3437,9.1645,9.3303,9.4267,9.1645,9.4152,9.3576,9.3303,9.3755,9.3399,9.3399,9.5185,9.1645,9.4583,9.4545,9.242,9.242,9.4197,9.4828,9.1506,9.236,9.1506,9.606,9.2393,9.1842,9.2555,9.247,9.3142,9.2808,9.2821,9.3331,9.2641,9.2953,9.2312,9.1667,9.321,9.233,9.3087,9.3015,9.2305,9.0015,9.2097,9.2789,9.4177,9.2882,9.2503,9.267,8.0911
8.6593,9.2652,8.6593,8.8809,9.2652,9.054,9.2652,8.9381,8.7833,8.7284,8.6879,9.0728,9.2824,9.0141,9.0141,9.3012,9.4066,9.1062,9.0337,9.2989,9.0518,9.2745,9.1278,9.0017,9.2025,9.2745,9.0017,9.2089,9.1734,9.2025,9.2462,9.062,9.062,9.3181,9.0017,9.2299,9.2207,9.1203,9.1203,9.1905,9.0172,9.0663,8.9707,9.0663,9.4324,9.0355,9.1001,8.9911,9.0603,9.0353,9.2152,9.0695,9.1267,9.1248,9.1351,9.064,9.0215,9.1021,9.072,9.1608,9.1413,9.0917,8.7184,9.0602,9.067,9.2831,9.1891,9.158,8.8432,7.6396
8.5609,9.0712,8.5609,8.9118,9.0712,9.0471,9.0712,9.0159,8.9213,8.784,8.7744,9.1301,9.276,9.0048,9.0048,9.2647,9.2207,9.0457,9.1374,9.2861,9.0838,9.199,9.1386,8.9315,9.2569,9.2866,8.9315,9.0636,9.1212,9.2569,9.2882,8.9985,8.9985,9.3437,8.9315,9.2598,9.2797,9.1779,9.1779,9.1596,8.9433,9.0229,8.9983,9.0229,9.3402,9.0544,9.0277,9.0909,9.0512,9.072,9.294,9.1197,9.2844,9.1138,9.1453,9.1121,9.0157,9.0477,9.008,9.1304,9.1569,9.145,8.8066,9.0927,9.1223,9.1537,9.1226,9.1194,8.8953,7.7682
8.7722,9.1001,8.7722,8.9453,9.1001,9.0774,9.1001,9.072,8.869,8.865,8.8593,9.1913,9.2367,9.0553,9.0553,9.1584,9.2091,9.0263,9.0744,9.1956,8.9593,9.1281,9.0518,9.0235,9.1779,9.3561,9.0235,9.14,9.2611,9.1779,9.2195,9.0723,9.0723,9.397,9.0235,9.102,9.308,9.204,9.204,9.1144,9,9.1137,9.0044,9.1137,9.308,9.0124,8.9644,9.0116,9.1084,9.1316,9.2936,9.0827,9.2646,9.1873,9.1131,9.0688,9.0762,9.0771,9.0669,9.1347,9.1291,9.1816,8.7495,9.1452,9.1775,9.0938,9.1959,9.0794,9.0019,8.062
8.8482,9.1172,8.8482,8.8816,9.1172,8.9694,9.1172,9.0684,8.8698,8.8917,8.9733,9.1931,9.1403,9.0889,9.0889,9.1836,9.2477,9.0574,9,9.1381,8.9347,9.1506,9.0946,9.0916,9.2781,9.3462,9.0916,9.0804,9.2462,9.2781,9.2031,9.1543,9.1543,9.1496,9.0916,9.0122,9.2809,9.2329,9.2329,9.1179,9.0149,9.1274,9.0872,9.1274,9.1667,9.1273,9.074,9.0507,9.1497,9,9.2128,9.1132,9.2242,9.0656,9.1769,9.0857,9.1431,9.1176,9.1154,9.1023,9.077,9.179,8.6606,9.1574,9.1797,9.0335,9.1419,9.1809,8.9765,8.0286
8.9734,8.9584,8.9734,8.8456,8.9584,8.9258,8.9584,8.9501,8.8865,8.9036,8.9239,9.1687,9.1413,9.0599,9.0599,9.1692,9.2341,9.0573,8.9573,9.125,8.9634,9.1817,9.049,9.0312,9.2044,9.2388,9.0312,9.0588,9.1622,9.2044,9.1822,9.0149,9.0149,9.1965,9.0312,9.064,9.15,9.3213,9.3213,9.095,8.986,9.0646,9.0439,9.055,9.1674,9.1091,9.0338,9.1039,9.093,9.1562,9.088,9.1415,9.1269,9.1166,9.1382,9.0824,9.0713,9.1515,9.0652,9.1745,9.001,9.1834,8.2744,9.1561,9.1421,9.1158,9.216,8.3741,8.9225,8.7559
8.6379,8.7268,8.6379,8.8223,8.804,8.9228,8.7268,8.9342,8.7665,8.9255,8.8555,9.1131,9.1181,9.0206,9.0206,9.0879,9.2037,8.9891,8.9067,9.0865,8.884,9.0983,8.9393,8.933,9.0683,9.2073,8.933,9.0066,9,9.1077,9.0246,8.8763,8.8763,9.1942,8.933,9.0253,9.0544,9.2257,9.2257,8.9909,9.0284,8.9608,8.9719,9.066,9.105,8.977,8.9887,8.8929,8.9799,9.0556,9.1243,9.0077,9.0617,9.0782,9.1702,9.0488,9.0962,9.1163,9.1328,9.077,9.0807,9.141,8.8643,9.0485,9.1708,9.0455,9.2452,9.1424,8.8433,8.1074
8.6765,8.8359,8.6765,8.8145,8.7447,8.783,8.8359,8.828,8.6819,8.8359,8.8623,9.0031,9.019,8.9742,8.9742,9.0466,9.1437,8.9745,8.832,9.0149,8.7779,9.0637,8.9956,8.9036,9.0786,9.0934,8.9036,8.9633,8.8779,9.1459,8.9917,8.8695,8.8695,9.1198,8.9036,9.0203,8.9896,9.1197,9.1197,9.0495,8.8931,8.9442,8.8563,9.099,9.0723,8.8495,8.9928,8.8081,8.913,9.1481,9.1067,8.9533,9.1572,8.9803,9.1371,9.0937,9.0939,8.9599,9.0208,9.0007,9.0755,9.0633,8.2161,8.9835,9.0878,9.0036,9.0649,9.0238,8.8925,7.7328
8.7368,8.7361,8.7368,8.8137,8.7555,8.7732,8.9474,8.7885,8.75,8.8814,8.8035,8.9568,8.9873,8.9773,8.9773,8.9837,9.0639,8.9474,8.868,8.9907,8.7762,8.9859,8.9812,8.8994,8.98,9.185,8.8957,8.9173,8.9116,9.0604,9.0394,8.8719,8.8719,9.0874,8.8957,9.049,8.9939,9.0932,9.0932,8.9342,8.9709,9.0092,8.8536,9.1011,9.0778,8.9468,8.9642,8.8809,8.9716,9.1215,9.0455,8.9577,9.0662,9.0382,9.0982,9.0276,8.9706,8.9818,9.0129,8.9635,9.0824,9.0748,8.5777,8.8776,9.0179,9.0061,9.1661,8.9768,8.5567,7.9794
8.8389,8.8113,8.8389,8.8699,8.8253,8.7837,9.0063,8.8566,8.7951,8.8838,8.7989,9.0283,9.0226,8.9912,8.9912,9.058,9.1874,9.0561,8.9808,9.0656,8.8969,9.0913,9.0676,8.8517,9.0872,9.2673,8.9698,8.9544,8.9639,8.971,9.0118,8.9773,8.9773,9.2077,8.9698,8.9934,8.9889,9.0537,9.0537,9.1032,9.0679,9.085,8.9399,9.1447,9.0882,8.9306,9.0917,8.9392,9.0384,9.1644,9.0703,9.0257,9.1592,9.0949,9.0789,9.0769,9.0905,9.0715,9.1008,9.073,9.1036,9.1049,8.4941,8.9841,9.0279,9.1178,9.0597,9.0203,8.9476,7.9058
9.0017,8.9603,9.0017,9.0796,8.9947,9.0805,9.1488,9.1299,8.9834,9.1727,9.3859,9.5404,9.5417,9.5314,9.5314,9.4614,9.5348,9.4269,9.255,9.3217,9.274,9.4254,9.5266,9.2616,9.4501,9.6161,9.3392,9.2312,9.2796,9.4829,9.3886,9.402,9.402,9.5684,9.3392,9.1614,9.3919,9.292,9.292,9.5094,9.4972,9.4806,9.2247,9.5343,9.43,9.1909,9.6309,9.3266,9.3686,9.7398,9.295,9.3395,9.3664,9.4692,9.4393,9.3984,9.56,9.3286,9.4324,9.4237,9.3796,9.4157,9.0417,9.2018,9.3354,9.3045,9.5191,9.2097,8.9556,7.9549
8.8465,8.8701,8.8465,9.1015,8.9984,9.1358,9.179,9.1358,9.1294,9.2779,9.6149,9.708,9.6719,9.6199,9.6199,9.4898,9.5321,9.6422,9.3413,9.41,9.4246,9.3868,9.4302,9.5062,9.5066,9.6806,9.4701,9.3077,9.3242,9.6025,9.4052,9.4188,9.4188,9.4245,9.4701,9.2489,9.3497,9.4056,9.4056,9.5974,9.4479,9.7259,9.3894,9.357,9.493,9.305,9.6155,9.4754,9.4113,10,9.4168,9.5518,9.4417,9.5816,9.5892,9.497,9.4511,9.5323,9.4561,9.5589,9.4274,9.579,8.5646,9.3911,9.417,9.4659,9.5034,9.3993,9.0163,8.425
8.7333,8.9688,8.8258,9.0272,9.0745,9.1884,9.24,9.2474,9.1846,9.2356,9.7978,9.7993,9.7789,9.7546,9.7546,9.6116,9.5258,9.7188,9.3981,9.5565,9.583,9.5926,9.6805,9.6335,9.5828,9.6657,9.4064,9.4421,9.3435,9.6186,9.4205,9.6079,9.6079,9.378,9.4064,9.471,9.449,9.5378,9.5378,9.5771,9.488,9.8819,9.4365,9.2435,9.8217,9.3227,9.6342,9.3617,9.5256,9.8407,9.4903,9.4961,9.5315,9.5815,9.4514,9.5628,9.3879,9.5768,9.4469,9.5819,9.4756,9.551,9.0101,9.4921,9.4411,9.4552,9.5975,9.4524,8.8587,7.8139
8.9474,9.055,8.9586,9.0546,9.1067,9.2332,9.1862,9.2646,9.1585,9.5681,10.031,9.7949,9.9094,9.7801,9.7801,9.7675,9.6997,9.6999,9.4396,9.4639,9.6288,9.5492,9.7337,9.5485,9.6283,9.6157,9.5422,9.5735,9.5294,9.63,9.477,9.651,9.651,9.4339,9.5422,9.4469,9.4348,9.5304,9.5304,9.6313,9.5595,10.013,9.4147,9.3926,10.627,9.4352,9.6651,9.4929,9.543,9.9421,9.5819,9.7062,9.5483,9.6516,9.6228,9.5135,9.2589,9.6374,9.574,9.5464,9.4,9.6125,8.5171,9.4907,9.4246,9.4525,9.5744,9.4384,9.154,7.7213
9.2084,9.2116,9.1534,9.2024,9.323,9.2349,9.3529,9.3954,9.2968,10.083,10.306,9.9037,10.001,9.976,9.976,9.9656,9.8009,9.7966,9.6104,9.5239,9.8081,9.7993,9.8447,9.5613,9.6333,9.7502,9.5618,9.67,9.5121,9.8961,9.6455,9.6218,9.6218,9.8282,9.5618,9.6954,9.7442,9.6333,9.6333,9.8617,9.6154,10.082,9.6404,9.4318,10.234,9.5396,10.125,9.6656,9.8224,10.107,9.768,9.9223,9.6475,9.9009,9.7422,9.6954,9.4615,9.8341,9.6301,9.6588,9.6019,9.7663,8.4253,9.6563,9.5608,9.6332,9.5755,9.5832,9.3498,7.6867
9.0903,9.249,9.3221,9.1788,9.3609,9.2488,9.4074,9.4108,9.3576,10.289,10.329,10.049,10.341,10.092,10.092,9.9821,10,9.7958,9.9615,9.6953,9.9268,9.9803,9.8917,9.6823,9.7327,10.169,9.7276,9.9029,9.491,10.13,9.6019,9.613,9.613,9.8927,9.7276,9.7763,9.7257,10.286,9.6447,10.071,9.8877,9.8747,9.653,9.516,10.176,9.6209,10.176,9.6264,9.8755,10.662,10.352,9.8899,9.9284,10.394,9.9441,9.7843,9.4983,9.961,9.5856,9.797,9.6643,9.7845,8.7139,9.7328,9.6215,9.7938,9.651,9.6794,9.4743,8.2218
9.0902,9.1145,8.8995,9.1474,9.1768,9.1902,9.3556,9.476,9.4639,10.355,9.9692,10.028,10.322,10.181,10.181,10.007,10.073,9.8418,9.8849,9.7429,10.01,10.074,9.8938,9.7576,9.8425,10.474,9.7478,9.8552,9.6473,10.238,9.6387,9.5359,9.5359,10.079,9.5522,10.011,9.5788,9.9884,10.299,10.035,9.9492,9.7541,9.5946,9.4668,10.282,10.257,10.181,9.7659,9.9075,10.67,10.598,9.855,9.7659,10.524,10.097,9.8635,9.5679,9.9783,9.7102,9.8586,9.7243,9.8093,9.2463,9.7107,9.6923,9.7672,9.615,9.7162,9.3034,8.3067
9.1664,9.0832,9.0081,9.0441,9.0453,9.1283,9.3151,9.3391,9.5567,10.484,9.8726,9.9583,10.164,10.018,10.018,10.052,10.051,9.8207,9.5962,9.6033,9.988,10.128,9.9854,9.6413,9.7313,10.512,9.5774,9.7981,9.7832,10.32,9.7619,9.514,9.5587,10.363,9.4797,10.056,9.5804,9.738,9.5259,10.024,9.7031,9.6636,9.5759,9.6205,9.7186,11.019,10.005,9.9618,9.7773,10.6,10.679,9.7891,9.8908,9.9826,9.9692,10.083,9.6289,9.8675,9.752,9.8152,9.8343,9.729,8.7267,9.6571,9.7122,9.7712,9.5022,9.5887,9.4156,7.8488
9.107,9.1118,9.0093,8.8498,9.1283,9.175,9.2527,9.2531,9.4992,10.515,9.9003,10.006,10.101,10.111,10.111,10.14,9.9838,9.8946,9.6137,9.5757,9.8906,10.084,10.389,9.6364,10.104,10.507,9.5528,9.9935,9.5183,10.182,9.8194,9.6219,9.6004,10.225,9.6236,10,9.9566,9.8543,9.5808,9.941,9.6965,9.7476,9.7976,9.3382,9.7187,11.264,9.7938,10.368,9.8973,10.383,10.612,9.7964,9.9416,10.005,9.9312,9.9264,9.4945,9.898,9.7699,10.469,9.8885,9.7447,9.3172,9.8049,9.7657,9.5974,9.5207,9.5876,9.256,8.0914
9.1562,9.2078,9.3502,8.9753,9.1295,9.2558,9.2071,9.2275,9.5408,10.606,10.082,10.044,10.019,10.148,10.037,10.28,10.053,9.8819,9.5784,9.5882,9.9726,10.115,10.521,9.7671,10.518,10.666,9.5971,10.168,9.4748,10.241,9.8149,9.8245,9.9964,10.489,9.5114,10.041,10.201,9.7892,9.6339,10.035,9.6712,9.9719,9.8792,9.8366,10.113,11.244,10.061,10.61,9.9783,10.487,11.377,9.9554,10.182,10.026,10.163,9.854,9.773,9.8615,9.9653,10.786,9.9768,9.7887,9.8563,9.9223,9.9159,9.6486,9.6363,9.6096,9.0898,8.5638
