9.3577,9.3577,9.3577,9.3577,9.3577,9.3577,9.3577,9.3577,9.4317,9.5347,9.5827,9.5827,9.2877,9.2877,9.2877,9.3487,9.3487,9.4857,9.4857,9.4857,9.2527,9.2527,9.2527,9.8127,9.8127,9.2527,9.8127,9.8127,9.8127,9.8127,9.8127,9.8127,9.8127,9.8127,9.8127,9.8127,9.8127,9.8127,9.8127,9.6627,9.8127,9.8127,9.8127,9.8127,9.8127,9.8127,9.8127,9.8127,9.8127,9.6577,9.8127,9.4757,9.4757,9.6577,9.6627,9.4757,9.8127,9.6627,9.4757,9.2887,9.4757,9.6627,9.2887,9.2887,9.0557,9.0557
9.139,9.139,9.139,9.139,9.139,9.139,9.139,9.139,9.398,9.469,9.454,9.542,9.149,9.149,9.149,9.305,9.305,9.338,9.338,9.338,9.098,9.098,9.098,9.533,9.533,9.098,9.533,9.533,9.533,9.533,9.533,9.533,9.533,9.533,9.533,9.533,9.533,9.533,9.533,9.59,9.533,9.533,9.533,9.533,9.533,9.533,9.533,9.533,9.533,9.55,9.533,9.147,9.147,9.55,9.59,9.147,9.533,9.59,9.147,9.129,9.147,9.59,9.129,9.129,8.8472,8.8472
8.8782,8.8782,8.8782,8.8782,8.8782,8.8782,8.8782,8.8782,9.0763,8.9943,9.0043,9.1023,8.9473,8.9473,8.9473,9.1103,9.1103,8.9603,8.9603,8.9603,8.7811,8.7811,8.7811,9.1283,9.1283,8.7811,9.1283,9.1283,9.1283,9.1283,9.1283,9.1283,9.1283,9.1283,9.1283,9.1283,9.1283,9.1283,9.1283,8.9973,9.1283,9.1283,9.1283,9.1283,9.1283,9.1283,9.1283,9.1283,9.1283,9.1793,9.1283,8.7767,8.7767,9.1793,8.9973,8.7767,9.1283,8.9973,8.7767,8.6632,8.7767,8.9973,8.6632,8.6632,8.5521,8.5521
8.7668,8.7668,8.7668,8.7668,8.7668,8.7668,8.7668,8.7668,8.9619,8.8869,8.8572,9.1229,9.0479,8.7822,8.7822,9.1059,9.1059,8.9459,8.9459,8.9459,8.7101,8.7101,8.7101,9.3409,9.3409,8.7101,9.3409,9.3409,9.3409,9.3409,9.3409,9.3409,9.3409,9.3409,9.3409,9.3409,9.3409,9.3409,9.3409,8.9659,9.3409,9.3409,9.3409,9.3409,9.3409,9.3409,9.3409,9.3409,9.3409,9.0419,9.3409,8.6876,8.6876,9.0419,8.9659,8.6876,9.3409,8.9659,8.6876,8.7588,8.6876,8.9659,8.7588,8.7588,8.5453,8.5453
8.7644,8.7644,8.7644,8.7644,8.7644,8.7644,8.7644,8.7644,9.012,9.135,8.8991,9.089,9.083,8.924,8.924,9.22,9.22,8.8838,8.8838,8.8838,8.7634,8.7634,8.7634,9.305,9.305,8.7634,9.305,9.305,9.305,9.305,9.305,9.305,9.305,9.305,9.305,9.305,9.305,9.305,9.305,8.881,9.305,9.305,9.305,9.305,9.305,9.305,9.305,9.305,9.305,9.139,9.305,8.6747,8.6747,9.139,8.881,8.6747,9.305,8.881,8.6747,8.7961,8.6747,8.881,8.7961,8.7961,8.5936,8.5936
9.0708,9.0708,9.0708,9.0708,9.0708,9.0708,9.0708,9.0708,9.0678,9.1948,8.9988,9.3078,9.2508,9.2428,9.2428,9.4088,9.4088,9.2028,9.2028,9.2028,9.0218,9.0218,9.0218,9.2098,9.2098,9.0218,9.2098,9.2098,9.2098,9.2098,9.2098,9.2098,9.2098,9.2098,9.2098,9.2098,9.2098,9.2098,9.2098,9.0598,9.2098,9.2098,9.2098,9.2098,9.2098,9.2098,9.2098,9.2098,9.2098,9.4058,9.2098,8.8627,8.8627,9.4058,9.0598,8.8627,9.2098,9.0598,8.8627,8.8497,8.8627,9.0598,8.8497,8.8497,8.6397,8.6397
9.4829,9.4829,9.4829,9.4829,9.4829,9.4829,9.4829,9.4829,9.4039,9.4929,9.3949,9.7959,9.7069,9.5659,9.5659,9.8729,9.8729,9.4649,9.4649,9.4649,9.3779,9.3779,9.3779,9.4099,9.4099,9.3779,9.4099,9.4099,9.4099,9.4099,9.4099,9.4099,9.4099,9.4099,9.4099,9.4099,9.4099,9.4099,9.4099,9.6729,9.4099,9.4099,9.4099,9.4099,9.4099,9.4099,9.4099,9.4099,9.4099,9.8719,9.4099,9.5039,9.5039,9.8719,9.6729,9.5039,9.4099,9.6729,9.5039,9.1909,9.5039,9.6729,9.1909,9.1909,9.0829,9.0829
9.6067,9.6067,9.6067,9.6067,9.6067,9.6067,9.6067,9.6067,9.4397,9.6007,9.5047,9.7497,9.8407,9.6437,9.6437,10.004,10.004,9.9077,9.9077,9.9077,9.5137,9.5137,9.5137,9.2457,9.2457,9.5137,9.2457,9.2457,9.2457,9.2457,9.2457,9.2457,9.2457,9.2457,9.2457,9.2457,9.2457,9.2457,9.2457,9.7037,9.2457,9.2457,9.2457,9.2457,9.2457,9.2457,9.2457,9.2457,9.2457,10.062,9.2457,9.7617,9.7617,10.062,9.7037,9.7617,9.2457,9.7037,9.7617,9.2577,9.7617,9.7037,9.2577,9.2577,9.2737,9.2737
9.5769,9.5769,9.5769,9.5769,9.5769,9.5769,9.5769,9.5769,9.4809,9.6799,9.6069,10.039,10.094,9.7059,9.7059,10.106,10.106,9.8969,9.8969,9.8969,9.7189,9.7189,9.7189,9.5629,9.5629,9.7189,9.5629,9.5629,9.5629,9.5629,9.5629,9.5629,9.5629,9.5629,9.5629,9.5629,9.5629,9.5629,9.5629,9.9519,9.5629,9.5629,9.5629,9.5629,9.5629,9.5629,9.5629,9.5629,9.5629,10.347,9.5629,9.8979,9.8979,10.347,9.9519,9.8979,9.5629,9.9519,9.8979,9.0669,9.8979,9.9519,9.0669,9.0669,9.4519,9.4519
10.022,10.022,10.022,10.022,10.022,10.022,10.022,10.022,9.8153,9.9543,10.181,10.386,10.542,10.01,10.01,10.473,10.473,10.206,10.206,10.206,10.024,10.024,10.024,9.5623,9.5623,10.024,9.5623,9.5623,9.5623,9.5623,9.5623,9.5623,9.5623,9.5623,9.5623,9.5623,9.5623,9.5623,9.5623,10.439,9.5623,9.5623,9.5623,9.5623,9.5623,9.5623,9.5623,9.5623,9.5623,10.807,9.5623,10.275,10.275,10.807,10.439,10.275,9.5623,10.439,10.275,9.7573,10.275,10.439,9.7573,9.7573,9.8283,9.8283
10.302,10.302,10.302,10.302,10.302,10.302,10.302,10.302,9.9627,9.7077,10.521,10.433,10.62,10.179,10.179,10.365,10.365,10.386,10.386,10.386,10.29,10.29,10.29,10.048,10.048,10.29,10.048,10.048,10.048,10.048,10.048,10.048,10.048,10.048,10.048,10.048,10.048,10.048,10.048,10.843,10.048,10.048,10.048,10.048,10.048,10.048,10.048,10.048,10.048,10.422,10.048,10.998,10.998,10.422,10.843,10.998,10.048,10.843,10.998,10.102,10.998,10.843,10.102,10.102,10.063,10.063
10.346,10.346,10.346,10.346,10.346,10.346,10.346,10.346,10.104,9.7145,10.343,10.446,10.688,10.225,10.225,10.406,10.406,10.355,10.355,10.355,10.226,10.226,10.226,10.034,10.034,10.226,10.034,10.034,10.034,10.034,10.034,10.034,10.034,10.034,10.034,10.034,10.034,10.034,10.034,10.794,10.034,10.034,10.034,10.034,10.034,10.034,10.034,10.034,10.034,10.856,10.034,11.004,11.004,10.856,10.794,11.004,10.034,10.794,11.004,10.265,11.004,10.794,10.265,10.265,10.452,10.452
10.354,10.354,10.354,10.354,10.354,10.354,10.354,10.354,10.101,9.3493,10.216,10.444,10.71,10.154,10.154,10.468,10.468,10.403,10.403,10.403,10.283,10.283,10.283,10.186,10.186,10.283,10.186,10.186,10.186,10.186,10.186,10.186,10.186,10.186,10.186,10.186,10.186,10.186,10.186,10.729,10.186,10.186,10.186,10.186,10.186,10.186,10.186,10.186,10.186,10.614,10.186,10.516,10.516,10.614,10.729,10.516,10.186,10.729,10.516,10.793,10.516,10.729,10.793,10.793,10.381,10.381
10.485,10.485,10.485,10.485,10.485,10.485,10.485,10.485,10.494,9.9133,10.048,10.501,10.882,10.312,10.312,10.381,10.381,10.631,10.631,10.631,10.494,10.494,10.494,10.684,10.684,10.494,10.684,10.684,10.684,10.684,10.684,10.684,10.684,10.684,10.684,10.684,10.684,10.684,10.684,11.063,10.684,9.7503,10.684,9.7503,9.7503,10.684,10.684,10.684,9.7503,10.498,10.684,10.48,10.48,10.498,11.063,10.48,9.7503,11.063,10.48,11.342,10.48,11.063,11.342,11.342,9.2873,9.2873
10.792,10.792,10.792,10.792,10.792,10.792,10.792,10.792,10.443,10.078,10.465,10.565,10.947,10.371,10.371,10.719,10.719,10.957,10.957,10.957,10.482,10.482,10.482,10.771,10.771,10.482,10.771,10.771,10.771,10.771,10.771,10.771,10.771,10.771,10.771,10.771,10.771,10.771,10.771,11.124,10.771,10.27,10.771,10.27,10.27,10.771,10.771,10.771,10.27,10.948,10.771,10.854,10.854,10.948,11.124,10.854,10.27,11.124,10.854,11.399,10.854,11.124,11.399,11.399,9.3038,9.3038
11.028,11.028,11.028,11.028,11.028,11.028,11.028,11.028,10.491,10.05,10.77,10.626,11.094,10.566,10.566,10.757,10.757,11.103,11.103,11.103,10.585,10.585,10.585,10.846,10.846,10.585,10.846,10.846,10.846,10.846,10.846,10.846,10.846,10.846,10.846,10.846,10.846,10.846,10.846,11.174,10.846,10.255,10.846,10.255,10.255,10.846,10.846,10.846,10.255,10.849,10.846,11.171,11.171,10.849,11.174,11.171,10.255,11.174,11.171,11.63,11.171,11.174,11.63,11.63,9.3244,9.3244
11.075,11.075,11.075,11.075,11.075,11.075,11.075,11.075,10.441,9.9971,10.872,10.332,11.098,10.407,10.407,10.628,10.628,11.004,11.004,11.004,10.466,10.466,10.466,10.758,10.758,10.466,10.758,10.758,10.758,10.758,10.758,10.758,10.758,10.758,10.758,10.758,10.758,10.758,10.758,10.925,10.758,10.472,10.758,10.472,10.472,10.758,10.758,10.758,10.472,10.706,10.758,11.102,11.102,10.706,10.925,11.102,10.472,10.925,11.102,11.299,11.102,10.925,11.299,11.299,8.3075,8.3075
10.827,10.827,10.827,10.827,10.827,10.827,10.827,10.827,10.373,9.9648,10.863,10.308,11.027,10.587,10.587,10.606,10.606,10.941,10.941,10.941,10.464,10.464,10.464,10.579,10.579,10.464,10.579,10.579,10.579,10.579,10.579,10.579,10.579,10.579,10.579,10.579,10.579,10.579,10.579,11.207,10.579,10.147,10.579,10.147,10.147,10.579,10.579,10.579,10.147,10.547,10.579,10.971,10.971,10.547,11.207,10.971,10.147,11.207,10.971,10.263,10.971,11.207,10.263,10.263,8.718,8.718
10.072,10.072,10.072,10.072,10.072,10.072,10.072,10.072,10.024,10.304,10.411,10.133,10.755,10.394,10.394,10.17,10.17,10.796,10.796,10.796,10.245,10.245,10.245,10.493,10.493,10.245,10.493,10.493,10.493,10.493,10.493,10.493,10.493,10.493,10.493,10.493,10.493,10.493,10.493,11.196,10.493,9.9215,10.493,9.9215,9.9215,10.493,10.493,10.493,9.9215,10.273,10.493,10.88,10.88,10.273,11.196,10.88,9.9215,11.196,10.88,9.9745,10.88,11.196,9.9745,9.9745,8.6131,8.6131
9.7276,9.7276,9.7276,9.7276,9.7276,9.7276,9.7276,9.7276,10.193,10.2,10.613,9.9016,10.814,10.214,10.214,10.332,10.332,10.647,10.647,10.647,10.21,10.21,10.21,10.38,10.38,10.21,10.38,10.38,10.38,10.38,10.38,10.38,10.38,10.38,10.38,10.38,10.38,10.38,10.38,11.03,10.38,9.8966,10.38,9.8966,9.8966,10.38,10.38,10.38,9.8966,10.829,10.38,10.831,10.831,10.829,11.03,10.831,9.8966,11.03,10.831,9.2946,10.831,11.03,9.2946,9.2946,8.5713,8.5713
9.8703,9.8703,9.8703,9.8703,9.8703,9.8703,9.8703,9.8703,9.8763,10.27,9.9163,9.8003,10.698,10.394,10.394,10.099,10.099,10.397,10.397,10.397,10.041,10.041,10.041,9.9773,9.9773,10.041,9.9773,9.9773,9.9773,9.9773,9.9773,9.9773,9.9773,9.9773,9.9773,9.9773,9.9773,9.9773,9.9773,11.466,9.9773,10.132,9.9773,10.132,10.132,9.9773,9.9773,9.9773,10.132,10.881,9.9773,10.937,10.937,10.881,11.466,10.937,10.132,11.466,10.937,9.7203,10.937,11.466,9.7203,9.7203,9.6113,9.6113
9.9334,9.9334,9.9334,9.9334,9.9334,9.9334,9.9334,9.9334,9.7744,10.132,9.8424,9.8874,10.58,10.268,10.268,9.9984,9.9984,10.265,10.265,10.265,9.9914,9.9914,9.9914,9.8924,9.8924,9.9914,9.8924,9.8924,9.8924,9.8924,9.8924,9.8924,9.8924,9.8924,9.8924,9.8924,9.8924,9.8924,9.8924,11.024,9.8924,10.15,9.8924,10.15,10.15,9.8924,9.8924,9.8924,10.15,10.647,9.8924,10.837,10.837,10.647,11.024,10.837,10.15,11.024,10.837,9.5134,10.837,11.024,9.5134,9.5134,9.1401,9.1401
9.8532,9.8532,9.8532,9.8532,9.8532,9.8532,9.8532,9.8532,9.4382,9.9612,9.5402,9.5252,10.22,9.7852,9.7852,9.7902,9.7902,9.8982,9.8982,9.8982,9.4052,9.4052,9.4052,9.6572,9.6572,9.4052,9.6572,9.6572,9.6572,9.6572,9.6572,9.6572,9.6572,9.6572,9.6572,9.6572,9.6572,9.6572,9.6572,10.516,9.6572,9.6412,9.6572,9.6412,9.6412,9.6572,9.6572,9.6572,9.6412,10.303,9.6572,10.598,10.598,10.303,10.516,10.598,9.6412,10.516,10.598,9.2162,10.598,10.516,9.2162,9.2162,9.2622,9.2622
9.9241,9.9241,9.9241,9.9241,9.9241,9.9241,9.9241,9.9241,9.4341,9.4581,9.4681,9.7181,10.316,9.5751,9.5751,9.8981,9.8981,9.9571,9.9571,9.9571,9.5961,9.5961,9.5961,9.6891,9.6891,9.5961,9.6891,9.6891,9.6891,9.6891,9.6891,9.6891,9.6891,9.6891,9.6891,9.6891,9.6891,9.6891,9.6891,10.134,9.6891,9.4811,9.6891,9.4811,9.4811,9.6891,9.6891,9.6891,9.4811,10.215,9.6891,10.423,10.423,10.215,10.134,10.423,9.4811,10.134,10.423,9.5251,10.423,10.134,9.5251,9.5251,8.7439,8.7439
10.118,10.118,10.118,10.118,10.118,10.118,10.118,10.118,9.303,9.569,9.359,9.44,9.903,9.679,9.679,9.518,9.518,9.962,9.962,9.962,9.379,9.379,9.379,9.48,9.48,9.379,9.48,9.48,9.48,9.48,9.48,9.48,9.48,9.48,9.48,9.48,9.48,9.48,9.48,10.09,9.48,9.531,9.48,9.531,9.531,9.48,9.48,9.48,9.531,9.656,9.48,10.287,10.287,9.656,10.09,10.287,9.531,10.09,10.287,10.134,10.287,10.09,10.134,10.134,9.1151,9.1151
9.9129,9.9129,9.9129,9.9129,9.9129,9.9129,9.9129,9.9129,9.1918,9.5369,9.3049,9.3749,9.8309,9.3739,9.3739,9.4159,9.4159,9.7779,9.7779,9.7779,9.2229,9.2229,9.2229,9.3429,9.3429,9.2229,9.3429,9.3429,9.3429,9.3429,9.3429,9.3429,9.3429,9.3429,9.3429,9.3429,9.3429,9.3429,9.3429,9.9359,9.3429,9.3959,9.3429,9.3959,9.3959,9.3429,9.3429,9.3429,9.3959,9.8489,9.3429,10.076,10.076,9.8489,9.9359,10.076,9.3959,9.9359,10.076,10.029,10.076,9.9359,10.029,10.029,8.9526,8.9526
9.8545,9.8545,9.8545,9.8545,9.8545,9.8545,9.8545,9.8545,9.1564,9.3405,9.1837,9.2875,9.6865,9.3515,9.3515,9.3045,9.3045,9.6725,9.6725,9.6725,9.1209,9.1209,9.1209,9.2835,9.2835,9.1209,9.2835,9.2835,9.2835,9.2835,9.2835,9.2835,9.2835,9.2835,9.2835,9.2835,9.2835,9.2835,9.2835,9.7365,9.2835,9.14,9.2835,9.14,9.14,9.2835,9.2835,9.2835,9.14,8.9519,9.2835,9.5445,9.5445,8.9519,9.7365,9.5445,9.14,9.7365,9.5445,9.5915,9.5445,9.7365,9.5915,9.5915,8.9124,8.9124
9.7738,9.7738,9.7738,9.7738,9.7738,9.7738,9.7738,9.7738,9.0914,9.3758,9.1421,9.3058,9.7028,9.2438,9.2438,9.3078,9.3078,9.6988,9.6988,9.6988,9.1585,9.1585,9.1585,9.2388,9.2388,9.1585,9.2388,9.2388,9.2388,9.2388,9.2388,9.2388,9.2388,9.2388,9.2388,9.2388,9.2388,9.2388,9.2388,9.6928,9.2388,9.163,9.2388,9.163,9.163,9.2388,9.2388,9.2388,9.163,8.899,9.2388,9.5048,9.5048,8.899,9.6928,9.5048,9.163,9.6928,9.5048,9.7418,9.5048,9.6928,9.7418,9.7418,9.2848,9.2848
9.7159,9.7159,9.7159,9.7159,9.7159,9.7159,9.7159,9.7159,9.0211,9.2007,9.0658,9.1721,9.6189,9.2879,9.2879,9.3389,9.3389,9.6589,9.6589,9.6589,9.0746,9.0746,9.0746,9.3389,9.3389,9.0746,9.3389,9.3389,9.3389,9.3389,9.3389,9.3389,9.3389,9.3389,9.3389,9.3389,9.3389,9.1298,9.1298,9.4219,9.1298,9.2274,9.1298,9.2274,9.2274,9.1298,9.1298,9.1298,9.2274,8.968,9.1298,9.5019,9.5019,8.968,9.4219,9.5019,9.2274,9.4219,9.5019,9.6279,9.5019,9.4219,9.6279,9.6279,9.0197,9.0197
9.8111,9.8111,9.8111,9.8111,9.8111,9.8111,9.8111,9.8111,9.1611,9.2811,9.0518,9.2547,9.6961,9.3161,9.3161,9.3911,9.3911,9.6241,9.6241,9.6241,9.221,9.221,9.221,9.4871,9.4871,9.221,9.4871,9.4871,9.4871,9.4871,9.4871,9.4871,9.4871,9.4871,9.4871,9.4871,9.4871,9.2741,9.2741,9.6031,9.2741,9.2631,9.2741,9.2631,9.2631,9.2741,9.2741,9.2741,9.2631,9.1284,9.2741,9.5861,9.5861,9.1284,9.6031,9.5861,9.2631,9.6031,9.5861,9.7541,9.5861,9.6031,9.7541,9.7541,8.9906,8.9906
9.5173,9.5173,9.5173,9.5173,9.5173,9.5173,9.5173,9.5173,8.9995,9.0211,8.9522,8.9364,9.5023,9.1583,9.1583,9.1408,9.1408,9.4193,9.4193,9.4193,9.0293,9.0293,9.0293,9.3673,9.3673,9.0293,9.3673,9.3673,9.3673,9.3673,9.3673,9.3673,9.3673,9.3673,9.3673,9.3673,9.3673,9.0758,9.0758,9.3393,9.0758,8.9609,9.0758,8.9609,8.9609,9.0758,9.0758,9.0758,8.9609,9.0118,9.0758,9.2983,9.2983,9.0118,9.3393,9.2983,8.9609,9.3393,9.2983,8.9667,9.2983,9.3393,8.9667,8.9667,8.665,8.665
9.491,9.491,9.491,9.491,9.491,9.491,9.491,9.491,8.8469,9.1555,8.8842,9.002,9.417,9.1142,9.1142,9.0874,9.0874,9.358,9.358,9.358,9.1782,9.1782,9.1782,9.2201,9.2201,9.1782,9.2201,9.2201,9.2201,9.2201,9.2201,9.2201,9.2201,9.2201,9.2201,9.2201,9.2201,9.0024,9.0024,9.1773,9.0024,8.9859,9.0024,8.9859,8.9859,9.0024,9.0024,9.0024,8.9859,8.9757,9.0024,9.2498,9.2498,8.9757,9.1773,9.2498,8.9859,9.1773,9.2498,8.859,9.2498,9.1773,8.859,8.859,8.2482,8.2482
9.2326,9.2326,9.2326,9.2326,9.2326,9.2326,9.2326,9.2326,8.8041,8.8606,8.7854,8.8626,9.2077,8.9621,8.9621,8.9768,8.9768,9.1748,9.1748,9.1748,8.9067,8.9067,8.9067,9.0695,9.0695,8.9067,9.0695,9.0695,9.0695,9.0695,9.0695,9.0695,9.0695,9.0695,9.0695,9.0695,9.0695,8.8435,8.8435,9.0813,8.8435,8.8005,8.8435,8.8005,8.8005,8.8435,8.8435,8.8435,8.8005,8.7343,8.8435,9.052,9.052,8.7343,9.0523,9.052,8.8005,9.0813,9.052,8.7691,9.052,9.0523,8.7691,8.7691,8.4511,8.4511
9.4685,9.4685,9.4685,9.4685,9.4685,9.4685,9.4685,9.4685,9.2057,9.1859,9.2628,9.1931,9.6615,9.3865,9.3865,9.3895,9.3895,9.5965,9.5965,9.5965,9.3115,9.3115,9.3115,9.5495,9.5495,9.3115,9.5495,9.5495,9.5495,9.5495,9.5495,9.5495,9.5495,9.5495,9.5495,9.5495,9.5495,9.4265,9.4265,9.5925,9.4265,9.3145,9.4265,9.3145,9.3145,9.4265,9.4265,9.4265,9.3145,9.0187,9.4265,9.4995,9.4995,9.0187,9.3435,9.4995,9.3145,9.5925,9.4995,9.1117,9.4995,9.3435,9.1117,9.1117,8.8386,8.8386
9.482,9.482,9.482,9.482,9.482,9.482,9.482,9.482,9.389,9.5,9.1665,9.351,9.681,9.422,9.422,9.603,9.603,9.668,9.668,9.668,9.433,9.433,9.433,9.665,9.665,9.433,9.665,9.665,9.665,9.665,9.665,9.665,9.665,9.665,9.665,9.665,9.665,9.555,9.555,9.635,9.555,9.374,9.555,9.374,9.374,9.555,9.555,9.555,9.374,9.357,9.555,9.484,9.484,9.357,9.529,9.484,9.374,9.635,9.484,9.2268,9.484,9.529,9.2268,9.2268,8.8587,8.8587
9.4964,9.4964,9.4964,9.4964,9.4964,9.4964,9.4964,9.4964,9.8044,9.4294,9.1473,9.2927,9.7634,9.4904,9.4904,9.7254,9.7254,9.8864,9.8864,9.8864,9.6494,9.6494,9.6494,9.7314,9.7314,9.6494,9.7314,9.7314,9.7314,9.7314,9.7314,9.7314,9.7314,9.7314,9.7314,9.7314,9.7314,9.6914,9.6914,9.8034,9.6914,9.3904,9.6914,9.3904,9.3904,9.6914,9.6914,9.6914,9.3904,9.6934,9.6914,9.5624,9.5624,9.6934,9.6584,9.5624,9.3904,9.8034,9.5624,9.2198,9.5624,9.6584,9.2198,9.2198,8.9007,8.9007
9.6767,9.6767,9.6767,9.6767,9.6767,9.6767,9.6767,9.6767,10.016,9.6297,9.5027,9.5937,9.9567,9.6297,9.6297,10.031,10.031,10.132,10.132,10.132,9.8437,9.8437,9.8437,10.098,10.098,9.8437,10.098,10.098,10.098,10.098,10.098,10.098,10.098,10.098,10.098,10.098,10.098,9.9977,9.9977,9.6767,9.9977,9.7047,9.9977,9.7047,9.7047,9.9977,9.9977,9.9977,9.7047,10.071,9.9977,9.7527,9.7527,10.071,9.7927,9.7527,9.7047,9.6767,9.7527,9.5727,9.7527,9.7927,9.5727,9.5727,9.3747,9.3747
9.8371,9.8371,9.8371,9.8371,9.8371,9.8371,9.8371,9.8371,10.175,9.6171,9.7531,9.8991,10.13,9.9111,9.9111,10.075,10.075,10.165,10.165,10.165,9.9351,9.9351,9.9351,10.149,10.149,9.9351,10.149,10.149,10.149,10.149,10.149,10.149,10.149,10.149,10.149,10.149,10.149,10.068,10.068,9.6781,10.068,9.7061,10.068,9.7061,9.7061,10.068,10.068,10.068,9.7061,10.354,10.068,10.043,10.043,10.354,9.8471,10.043,9.7061,9.6781,10.043,9.7351,10.043,9.8471,9.7351,9.7351,9.6731,9.6731
9.9241,9.9241,9.9241,9.9241,9.9241,9.9241,9.9241,9.9241,9.9331,9.6381,9.8351,9.9631,10.274,9.8701,9.8701,10.182,10.182,10.281,10.281,10.281,10.067,10.067,10.067,10.137,10.137,10.067,10.137,10.137,10.137,10.137,10.137,10.137,10.137,10.137,10.137,10.137,10.137,10.118,10.118,9.6681,10.118,9.5931,10.118,9.5931,9.5931,10.118,10.118,10.118,9.5931,10.682,10.118,9.8341,9.8341,10.682,9.6321,9.8341,9.5931,9.6681,9.8341,9.7101,9.8341,9.6321,9.7101,9.7101,9.8041,9.8041
9.9996,9.9996,9.9996,9.9996,9.9996,9.9996,9.9996,9.9996,10.053,9.8036,9.7816,10.042,10.487,9.9566,9.9566,10.33,10.33,10.464,10.464,10.464,10.206,10.206,10.206,10.366,10.366,10.206,10.366,10.366,10.366,10.366,10.366,10.366,10.366,10.366,10.366,10.366,10.366,10.19,10.19,10.064,10.19,9.8726,10.19,9.8726,9.8726,10.19,10.19,10.19,9.8726,10.236,10.19,9.9606,9.9606,10.236,9.8606,9.9606,9.8726,10.064,9.9606,10.023,9.9606,9.8606,10.023,10.023,9.7906,9.7906
10.184,10.184,10.184,10.184,10.184,10.184,10.184,10.184,10.179,9.9656,10.034,10.108,10.678,10.145,10.145,10.305,10.305,10.479,10.479,10.479,10.412,10.412,10.412,10.427,10.427,10.412,10.427,10.427,10.427,10.427,10.427,10.427,10.427,10.427,10.427,10.427,10.427,10.216,10.216,10.256,10.216,9.8296,10.216,9.8296,9.8296,10.216,10.216,10.216,9.8296,10.385,10.216,10.232,10.232,10.385,10.189,10.232,9.8296,10.256,10.232,10.191,10.232,10.189,10.191,10.191,10.111,10.111
9.9342,9.9342,9.9342,9.9342,9.9342,9.9342,9.9342,9.9342,10.483,10.559,10.087,10.363,10.958,10.302,10.302,10.37,10.37,10.656,10.656,10.656,10.516,10.516,10.516,10.583,10.583,10.516,10.583,10.583,10.583,10.583,10.583,10.583,10.583,10.583,10.583,10.583,10.583,10.398,10.398,10.398,10.398,10.016,10.398,10.016,10.016,10.398,10.398,10.398,10.016,10.702,10.398,10.499,10.499,10.702,10.38,10.499,10.016,10.398,10.499,10.009,10.499,10.38,10.009,10.009,9.9712,9.9712
9.9729,9.9729,9.9729,9.9729,9.9729,9.9729,9.9729,9.9729,10.628,10.395,10.055,10.143,10.769,10.377,10.377,10.542,10.542,10.475,10.475,10.475,10.605,10.605,10.605,10.528,10.528,10.605,10.528,10.528,10.528,10.528,10.528,10.528,10.528,10.528,10.528,10.528,10.528,10.328,10.328,10.292,10.328,10.095,10.328,10.095,10.095,10.328,10.328,10.328,10.095,10.817,10.328,10.594,10.594,10.817,10.444,10.594,10.095,10.292,10.594,10.029,10.594,10.444,10.029,10.029,10.136,10.136
9.933,9.933,9.933,9.933,9.933,9.933,9.933,9.933,10.549,10.328,10.113,10.011,10.574,10.425,10.425,10.623,10.623,10.431,10.431,10.431,10.551,10.551,10.551,10.439,10.439,10.551,10.439,10.439,10.439,10.439,10.439,10.439,10.439,10.439,10.439,10.439,10.439,10.294,10.294,10.225,10.294,9.953,10.294,9.953,9.953,10.294,10.294,10.294,9.953,10.831,10.294,10.626,10.626,10.831,10.549,10.626,9.953,10.225,10.626,10.178,10.626,10.549,10.178,10.178,10.496,10.496
9.9283,9.9283,9.9283,9.9283,9.9283,9.9283,9.9283,9.9283,10.528,10.205,10.163,10.163,10.503,10.623,10.623,10.722,10.722,10.222,10.222,10.222,10.562,10.562,10.562,10.527,10.527,10.562,10.527,10.527,10.527,10.527,10.527,10.527,10.527,10.527,10.527,10.527,10.527,10.508,10.508,10.323,10.508,9.9843,10.508,9.9843,9.9843,10.508,10.508,10.508,9.9843,10.75,10.508,10.733,10.733,10.75,10.341,10.733,9.9843,10.323,10.733,10.769,10.733,10.341,10.769,10.769,10.832,10.832
10.141,10.141,10.141,10.141,10.141,10.141,10.141,10.141,10.596,10.459,10.28,10.169,10.576,10.636,10.636,10.594,10.594,10.201,10.201,10.201,10.674,10.674,10.674,10.471,10.471,10.674,10.471,10.471,10.471,10.471,10.471,10.471,10.471,10.471,10.471,10.471,10.471,10.315,10.315,10.503,10.315,9.9453,10.315,9.9453,9.9453,10.315,10.315,10.315,9.9453,10.91,10.315,10.719,10.719,10.91,10.398,10.719,9.9453,10.503,10.719,10.913,10.719,10.398,10.913,10.913,11.014,11.014
10.39,10.39,10.39,10.39,10.39,10.39,10.39,10.39,10.913,10.448,10.444,10.268,10.755,10.717,10.717,10.811,10.811,10.343,10.343,10.343,10.85,10.85,10.85,10.588,10.588,10.85,10.588,10.588,10.588,10.588,10.588,10.588,10.588,10.588,10.588,10.588,10.588,10.634,10.634,10.925,10.634,10.204,10.634,10.204,10.204,10.634,10.634,10.634,10.204,10.787,10.634,10.83,10.83,10.787,10.573,10.83,10.204,10.656,10.83,11.272,10.83,10.573,11.272,11.272,11.296,11.296
10.425,10.425,10.425,10.425,10.425,10.425,10.425,10.425,10.528,10.483,10.482,9.9616,10.696,10.791,10.791,10.839,10.839,10.328,10.328,10.328,10.829,10.829,10.829,10.613,10.613,10.829,10.613,10.613,10.613,10.613,10.613,10.613,10.613,10.613,10.613,10.613,10.613,10.541,10.541,10.978,10.541,10.414,10.541,10.414,10.414,10.541,10.541,10.541,10.414,10.902,10.541,10.765,10.765,10.902,10.628,10.765,10.414,11.108,10.765,11.428,10.765,10.628,11.428,11.428,11.657,11.657
10.693,10.693,10.693,10.693,10.693,10.693,10.693,10.693,10.171,10.318,10.493,9.9268,10.884,10.816,10.816,10.661,10.661,10.233,10.233,10.233,10.883,10.883,10.883,10.615,10.615,10.883,10.615,10.615,10.615,10.615,10.615,10.615,10.615,10.729,10.615,10.729,10.615,10.551,10.551,11.124,10.551,10.277,10.551,10.277,10.277,10.551,10.551,10.551,10.277,10.618,10.551,10.903,10.903,10.618,10.525,10.903,10.277,10.874,10.903,11.619,10.903,10.525,11.619,11.619,11.426,11.426
10.236,10.236,10.236,10.236,10.236,10.236,10.236,10.236,9.6657,9.4166,9.9547,9.6727,9.9887,9.8667,9.8667,9.8407,9.8407,9.4897,9.4897,9.4897,10.331,10.331,10.331,9.9997,9.9997,10.331,9.9997,9.9997,9.9997,9.9997,9.9997,9.9997,9.9997,9.8587,9.9997,9.8587,9.9997,9.9747,9.9747,10.242,9.9747,9.6947,9.9747,9.6947,9.6947,9.9747,9.9747,9.9747,9.6947,9.9187,9.9747,10.048,10.048,9.9187,9.8467,10.048,9.6947,10.026,10.048,10.75,10.048,9.8467,10.75,10.75,10.429,10.429
10.312,10.312,10.312,10.312,10.312,10.312,10.312,10.312,9.6761,9.3673,9.8261,9.6531,10.06,9.8381,9.8381,9.8781,9.8781,9.5391,9.5391,9.5391,10.164,10.164,10.164,9.9091,9.9091,10.164,9.9091,9.9091,9.9091,9.9091,9.9091,9.9091,9.9091,9.8991,9.9091,9.8991,9.9091,9.8941,9.8941,10.059,9.8941,9.6181,9.8941,9.6181,9.6181,9.8941,9.8941,9.8941,9.6181,9.7921,9.8941,10.081,10.081,9.7921,9.8351,10.081,9.6181,10.006,10.081,10.604,10.081,9.8351,10.604,10.604,10.275,10.275
10.014,10.014,10.014,10.014,10.014,10.014,10.014,10.014,9.7149,9.4529,9.6759,9.6449,10.111,9.6789,9.6789,9.8139,9.8139,9.4819,9.4819,9.4819,9.8109,9.8109,9.8109,9.8889,9.8889,9.8109,9.8889,9.8889,9.8889,9.8889,9.8889,9.8889,9.8889,9.9069,9.8889,9.9069,9.8889,9.8879,9.8879,9.8219,9.8879,9.8099,9.8879,9.8099,9.8099,9.8879,9.8879,9.8879,9.8099,9.7239,9.8879,9.8929,9.8929,9.7239,9.7579,9.8929,9.8099,9.7919,9.8929,10.448,9.8929,9.7579,10.448,10.448,10.377,10.377
9.9324,9.9324,9.9324,9.9324,9.9324,9.9324,9.9324,9.9324,9.433,9.3146,9.5604,9.4135,9.7914,9.431,9.431,9.6224,9.6224,9.3433,9.3433,9.3433,9.7814,9.7814,9.7814,9.6374,9.6374,9.7814,9.6374,9.6374,9.6374,9.6374,9.6374,9.6374,9.6374,9.7014,9.6374,9.7014,9.6374,9.7204,9.7204,9.6344,9.7204,9.8754,9.7204,9.8754,9.8754,9.7204,9.7204,9.7204,9.8754,9.5654,9.7204,9.4884,9.4884,9.5654,9.5984,9.4884,9.8754,9.6804,9.4884,10.339,9.4884,9.5984,10.339,10.339,9.8964,9.8964
9.9778,9.9778,9.9778,9.9778,9.9778,9.9778,9.9778,9.9778,9.3236,9.2968,9.6398,9.2009,9.4533,9.4073,9.4073,9.3464,9.3464,9.1455,9.1455,9.1455,9.6088,9.6088,9.6088,9.5758,9.5758,9.6088,9.5758,9.5758,9.5758,9.5758,9.5758,9.5758,9.5758,9.6368,9.5758,9.6368,9.5758,9.4808,9.4808,9.6728,9.4808,9.5968,9.4808,9.5968,9.5968,9.4808,9.4808,9.4808,9.5968,9.4419,9.4808,9.5588,9.5588,9.4419,9.4497,9.5588,9.5968,9.7848,9.5588,9.8538,9.5588,9.4497,9.8538,9.8538,9.7648,9.7648
9.818,9.818,9.818,9.818,9.818,9.818,9.818,9.818,9.1876,9.3225,9.521,9.2323,9.515,9.312,9.312,9.4085,9.4085,9.2146,9.2146,9.2146,9.784,9.784,9.784,9.628,9.628,9.784,9.628,9.628,9.628,9.628,9.628,9.628,9.628,9.549,9.628,9.549,9.628,9.538,9.538,9.734,9.538,9.611,9.538,9.611,9.611,9.538,9.538,9.538,9.611,9.598,9.538,9.539,9.539,9.598,9.494,9.539,9.611,10.005,9.539,9.763,9.539,9.494,9.763,9.763,9.851,9.851
9.5712,9.5712,9.5712,9.5712,9.5712,9.5712,9.5712,9.5712,9.2045,9.1874,9.3147,9.0067,9.406,9.2022,9.2022,9.2304,9.2304,9.1296,9.1296,9.1296,9.6172,9.6172,9.6172,9.5402,9.5402,9.6172,9.5402,9.5402,9.5402,9.5402,9.5402,9.5402,9.5402,9.4323,9.5402,9.4323,9.5402,9.5992,9.5992,9.5182,9.5992,9.4614,9.5992,9.4614,9.4614,9.5992,9.5992,9.5992,9.4614,9.5122,9.5992,9.4721,9.4721,9.5122,9.4696,9.4721,9.4614,9.7562,9.4721,9.6862,9.4721,9.4696,9.6862,9.6862,9.6472,9.6472
9.3521,9.3521,9.3521,9.3521,9.3521,9.3521,9.3521,9.3521,8.9325,9.0525,9.2179,9.0416,9.322,9.1848,9.1848,9.1468,9.1468,9.0486,9.0486,9.0486,9.5933,9.5933,9.5933,9.4043,9.4043,9.5933,9.4043,9.4043,9.4043,9.4043,9.4043,9.4043,9.4043,9.2866,9.4043,9.2866,9.4043,9.5373,9.5373,9.4437,9.5373,9.3587,9.5373,9.3587,9.3587,9.5373,9.5373,9.5373,9.3587,9.3729,9.5373,9.259,9.259,9.3729,9.3474,9.259,9.3587,9.6643,9.259,9.4247,9.259,9.3474,9.4626,9.4626,9.5303,9.5303
9.2229,9.2229,9.2229,9.2229,9.2229,9.2229,9.2229,9.2229,8.9126,8.9419,9.0586,8.9902,9.0901,9.1847,9.1847,9.1142,9.1142,9.09,9.09,9.09,9.3302,9.3302,9.3302,9.3072,9.3072,9.3302,9.3072,9.3072,9.3072,9.3072,9.3072,9.3072,9.3072,9.2957,9.3072,9.2957,9.3072,9.3697,9.3697,9.3529,9.3697,9.4315,9.3697,9.4315,9.4315,9.3697,9.3697,9.3697,9.4315,9.2114,9.3697,9.2792,9.2792,9.2114,9.204,9.2792,9.4315,9.3477,9.2792,9.4621,9.2792,9.204,9.4129,9.4129,9.3388,9.3388
9.0601,9.1354,9.0601,9.1354,9.1354,9.1354,9.1354,9.1354,9.0178,8.8422,8.9772,8.9965,9.1957,9.2184,9.2184,9.2435,9.2435,9.1261,9.1261,9.1261,9.4114,9.4114,9.4114,9.4416,9.4416,9.4114,9.4416,9.4416,9.4416,9.4416,9.4416,9.4416,9.4416,9.3224,9.4416,9.3224,9.4416,9.2377,9.2377,9.4132,9.2377,9.5821,9.2377,9.5821,9.5821,9.2377,9.2377,9.2377,9.5821,9.2129,9.2377,9.2681,9.2681,9.2129,9.2942,9.2681,9.5821,9.4989,9.2681,9.4075,9.2681,9.2942,9.2799,9.2799,9.4399,9.4399
8.8738,9.0516,8.8738,9.0516,9.0516,9.0516,9.0516,9.0516,9.0376,8.8914,8.9697,9.1424,9.1514,9.1799,9.1799,9.1697,9.1697,9.0792,9.0792,9.0792,9.368,9.368,9.368,9.3576,9.3576,9.368,9.3576,9.3576,9.3576,9.3576,9.3576,9.3576,9.3576,9.2831,9.3576,9.2831,9.3576,9.1904,9.1904,9.3997,9.1904,9.5228,9.1904,9.5228,9.5228,9.1904,9.1904,9.1904,9.5228,9.1705,9.1904,9.3001,9.3001,9.1705,9.3015,9.3001,9.5228,9.7498,9.3001,9.3219,9.3001,9.3015,9.258,9.258,9.464,9.464
8.7443,8.8804,8.7443,8.8804,8.8804,8.8804,8.8804,8.8804,8.8903,8.7872,8.8353,9.2043,9.3009,9.0167,9.0167,9.1224,9.1224,9.0231,9.0231,9.0231,9.217,9.217,9.217,9.2069,9.2069,9.217,9.2069,9.2489,9.2069,9.2069,9.2069,9.2069,9.2069,9.1208,9.2069,9.1208,9.2069,9.1355,9.1355,9.1479,9.1355,9.357,9.1355,9.357,9.357,9.1355,9.1355,9.1355,9.357,8.9763,9.1355,9.3314,9.3314,8.9763,9.3483,9.3314,9.357,9.5159,9.3314,9.0918,9.3314,9.3483,9.1301,9.1301,9.3047,9.3047
8.7674,8.8126,8.7674,8.8126,8.8126,8.8126,8.8126,8.8126,8.8237,8.7248,8.7685,9.059,8.9965,8.9779,8.9779,9.1153,9.1153,8.9238,8.9238,8.9238,9.1713,9.1713,9.1713,9.1547,9.1547,9.1713,9.1547,9.2049,9.1547,9.1547,9.1547,9.1547,9.1547,9.0273,9.1547,9.0273,9.1547,9.3287,9.3287,9.0408,9.3287,9.1291,9.3287,9.1291,9.1291,9.3287,9.3287,9.3287,9.1291,8.9356,9.3287,9.1873,9.1873,8.9356,9.376,9.1873,9.1291,9.0335,9.1873,9.1878,9.1873,9.376,9.1839,9.1839,9.0941,9.0941
8.7207,8.9271,8.7207,8.9271,8.9271,8.9271,8.9271,8.9271,8.8206,8.7823,8.857,8.9951,9.0436,9.0065,9.0065,9.1353,9.1353,8.9971,8.9971,8.9971,9.1805,9.1805,9.1805,9.1324,9.1324,9.1805,9.1324,9.193,9.1324,9.1324,9.1324,9.1324,9.1324,9.0358,9.1324,9.0358,9.1324,9.3279,9.3279,9.0128,9.3279,9.2631,9.3279,9.2631,9.2631,9.3279,9.3279,9.3279,9.2631,9.2311,9.3279,9.1883,9.1883,9.2311,9.0485,9.1883,9.2631,9.1111,9.1883,8.9781,9.1883,9.0485,9.1266,9.1266,9.0565,9.0565
8.8057,8.8437,8.8057,8.8437,8.8437,8.8437,8.8437,8.8437,8.855,8.7208,8.7472,9.0327,9.0333,8.9831,8.9831,9.0499,9.0499,8.9839,8.9839,8.9839,9.1521,9.1521,9.1521,9.0393,9.0393,9.1521,9.0393,9.134,9.0393,9.0393,9.0393,9.0393,9.0393,9.0588,9.0393,9.0588,9.0393,9.1651,9.1651,9.1464,9.1651,9.1145,9.1651,9.1145,9.1145,9.1651,9.1651,9.1651,9.1145,9.2025,9.1651,9.2087,9.2087,9.2025,8.9745,9.2087,9.1145,9.1289,9.2087,9.0828,9.2087,8.9745,9.1556,9.1556,9.0473,9.0473
8.7739,8.7578,8.7739,8.7578,8.7578,8.7578,8.7578,8.7578,8.8819,8.7196,8.7318,9.1287,9.2077,9.0205,9.0205,9.0274,9.0274,8.9248,8.9248,8.9248,9.1084,9.1084,9.1084,9.0708,9.0708,9.1084,9.0708,9.1469,9.0708,9.0708,9.0708,9.0708,9.0708,9.0372,9.0708,9.0372,9.0708,9.1785,9.1785,9.1311,9.1785,9.0847,9.1785,9.0847,9.0847,9.1785,9.1785,9.1785,9.0847,9.0767,9.1785,9.1191,9.1191,9.0767,9.0353,9.1191,9.0847,9.0285,9.1191,8.9437,9.1191,9.0353,9.1029,9.1029,9.0383,9.0383
9.183,9.0029,9.183,9.0029,9.0029,9.0029,9.0029,9.0029,9.1921,9.1977,9.069,9.4048,9.5172,9.4031,9.4031,9.491,9.491,9.3603,9.3603,9.3603,9.4831,9.4831,9.4831,9.5161,9.5161,9.4831,9.5161,9.671,9.5161,9.5161,9.5161,9.5161,9.5161,9.4546,9.5161,9.4546,9.5161,9.668,9.668,9.556,9.668,9.4983,9.668,9.4983,9.4983,9.668,9.668,9.668,9.4983,9.589,9.668,9.557,9.557,9.589,9.4881,9.557,9.4983,9.3369,9.557,9.3302,9.557,9.4881,9.3336,9.3336,9.2927,9.2927
9.2178,9.0502,9.2178,9.0502,9.0502,9.0502,9.0502,9.0502,9.2982,9.1666,9.2315,9.545,9.5085,9.5023,9.5023,9.4689,9.4689,9.4382,9.4382,9.4382,9.4925,9.4925,9.4925,9.6183,9.6183,9.4925,9.6183,9.7193,9.6183,9.6183,9.6183,9.6183,9.6183,9.6533,9.6183,9.6533,9.6183,9.6943,9.6943,9.5443,9.6943,9.7053,9.6943,9.7053,9.7053,9.6943,9.6943,9.6943,9.7053,9.5903,9.6943,9.6293,9.6293,9.5903,9.4927,9.6293,9.7053,9.4287,9.6293,9.5387,9.6293,9.4927,9.4213,9.4213,9.4123,9.4123
9.465,9.2567,9.465,9.2567,9.2567,9.2567,9.2567,9.2567,9.5652,9.3678,9.5121,9.7632,9.7682,9.6682,9.6682,9.7072,9.7072,9.7562,9.7562,9.7562,9.5413,9.5413,9.5413,9.8512,9.8512,9.5413,9.8512,9.9502,9.8512,9.8512,9.8512,9.8512,9.8512,9.8172,9.8512,9.8172,9.8512,9.9892,9.9892,9.8952,9.9892,9.8762,9.9892,9.8762,9.8762,9.9892,9.9892,9.9892,9.8762,10.036,9.9892,9.6432,9.6432,10.036,10.004,9.6432,9.8762,9.5722,9.6432,9.7662,9.6432,10.004,9.8162,9.8162,9.4331,9.4331
9.571,9.4174,9.571,9.4174,9.4174,9.4174,9.4174,9.4174,9.986,9.799,9.726,10.087,9.972,9.846,9.846,9.765,9.765,9.869,9.869,9.869,9.803,9.803,9.803,10.041,10.041,9.803,10.041,10.163,10.041,10.041,10.041,10.041,10.041,10.075,10.041,10.075,10.041,10.171,10.171,10.303,10.171,9.745,10.171,9.745,9.745,10.171,10.171,10.171,9.745,10.295,10.171,9.852,9.852,10.295,10.08,9.852,9.745,10.255,9.852,10.055,9.852,10.08,10.249,10.249,9.62,9.62
9.3282,9.374,9.3282,9.374,9.374,9.374,9.374,9.374,10.168,9.9281,9.8021,10.103,9.9871,9.9081,9.9081,9.6871,9.6871,9.9711,9.9711,9.9711,9.9371,9.9371,9.9371,10.196,10.196,9.9371,10.196,10.191,10.196,10.196,10.196,10.196,10.196,10.206,10.196,10.206,10.196,10.054,10.054,10.473,10.054,9.3827,10.054,9.3827,9.3827,10.054,10.054,10.054,9.3827,10.537,10.054,10.201,10.201,10.537,10.314,10.201,9.3827,10.182,10.201,10.426,10.201,10.314,10.421,10.421,9.9111,9.9111
9.4167,9.5393,9.4167,9.5393,9.5393,9.5393,9.5393,9.5393,10.278,9.9968,9.9088,10.12,10.135,10.047,10.047,9.8908,9.8908,10.191,10.191,10.191,10.124,10.124,10.124,10.321,10.321,10.124,10.321,10.287,10.321,10.321,10.321,10.321,10.321,10.411,10.321,10.411,10.321,10.164,10.164,11.097,10.164,9.3769,10.164,9.3769,9.3769,10.164,10.164,10.164,9.3769,10.79,10.164,10.499,10.499,10.79,10.467,10.499,9.3769,10.462,10.499,10.81,10.499,10.467,10.674,10.674,10.054,10.054
9.6296,9.7026,9.6296,9.7026,9.7026,9.7026,9.7026,9.7026,10.701,10.376,10.211,10.27,10.318,10.178,10.178,10.012,10.012,10.281,10.281,10.281,10.322,10.322,10.322,10.513,10.372,10.322,10.513,10.542,10.513,10.372,10.372,10.372,10.372,10.541,10.513,10.541,10.372,10.415,10.415,10.978,10.415,9.8326,10.415,9.8326,9.8326,10.415,10.415,10.415,9.8326,10.929,10.415,10.657,10.657,10.929,10.921,10.657,9.8326,10.684,10.657,11.261,10.657,10.921,10.878,10.878,10.023,10.023
9.8651,9.8961,9.8651,9.8961,9.8961,9.8961,9.8961,9.8961,10.811,10.551,10.353,10.331,10.336,10.16,10.16,10.091,10.091,10.536,10.536,10.536,10.374,10.374,10.374,10.688,10.48,10.374,10.688,10.586,10.688,10.48,10.48,10.48,10.48,10.64,10.688,10.64,10.48,10.612,10.612,10.69,10.612,10.034,10.612,10.034,10.034,10.612,10.612,10.612,10.034,11.34,10.612,10.677,10.677,11.34,10.868,10.677,10.034,10.92,10.677,11.291,10.677,10.868,10.661,10.661,9.9331,9.9331
10.054,9.8426,10.054,9.8426,9.8426,9.8426,9.8426,9.8426,10.743,10.741,10.712,10.496,10.434,10.321,10.321,10.34,10.34,10.528,10.431,10.431,10.476,10.476,10.476,10.743,10.596,10.476,10.743,10.746,10.743,10.596,10.596,10.596,10.596,10.756,10.743,10.756,10.596,10.603,10.603,10.747,10.603,10.026,10.603,10.026,10.026,10.603,10.603,10.603,10.026,11.451,10.603,10.921,10.921,11.451,10.734,10.921,10.026,10.941,10.921,11.288,10.921,10.734,10.799,10.799,10.106,10.106
9.772,9.727,9.772,9.727,9.727,9.727,9.727,9.727,10.586,10.694,11.016,10.33,10.366,10.331,10.331,10.323,10.323,10.403,10.265,10.265,10.394,10.394,10.394,10.587,10.683,10.394,10.587,10.819,10.587,10.683,10.683,10.683,10.683,10.77,10.587,10.77,10.683,10.684,10.684,10.455,10.684,10.534,10.684,10.534,10.534,10.684,10.684,10.684,10.534,11.697,10.684,11.079,11.079,11.697,10.833,11.079,10.534,10.962,11.079,11.394,11.079,10.833,11.102,11.102,10.784,10.784
9.7845,9.7255,9.7845,9.7255,9.7255,9.7255,9.7255,9.7255,10.304,10.939,11.125,10.654,10.509,10.369,10.369,10.385,10.385,10.547,10.27,10.27,10.321,10.321,10.321,10.818,10.767,10.321,10.818,10.859,10.818,10.767,10.767,10.767,10.767,11.014,10.818,11.014,10.767,10.634,10.634,10.683,10.634,10.321,10.634,10.321,10.321,10.634,10.634,10.634,10.321,11.789,10.634,10.972,10.972,11.789,10.974,10.972,10.321,11.173,10.972,11.581,10.972,10.974,11.215,11.215,10.684,10.684
9.7438,9.8128,9.7438,9.8128,9.8128,9.8128,9.8128,9.8128,10.353,11.063,11.479,10.468,10.479,10.266,10.266,10.269,10.269,10.6,10.282,10.282,10.143,10.143,10.143,10.803,10.832,10.143,10.803,10.752,10.803,10.832,10.832,10.832,10.832,10.918,10.803,10.918,10.832,10.731,10.731,11.175,10.731,10.451,10.731,10.451,10.451,10.731,10.731,10.731,10.451,11.198,10.731,10.961,10.961,11.198,11.193,10.961,10.451,11.069,10.961,11.548,10.961,11.193,11.026,11.026,10.742,10.742
9.9241,9.8661,9.9241,9.8661,9.8661,9.8661,9.8661,9.8661,10.413,11.558,11.052,10.469,10.367,10.288,10.288,10.211,10.211,10.63,10.571,10.571,10.319,10.319,10.319,10.826,10.859,10.319,10.826,10.85,10.826,10.859,10.859,10.859,10.859,11.034,10.826,11.034,10.859,10.877,10.877,11.452,10.877,10.239,10.877,10.239,10.239,10.877,10.877,10.877,10.239,11.409,10.877,10.953,10.953,11.409,11.213,10.953,10.239,11.085,10.953,11.51,10.953,11.213,11.09,11.09,10.313,10.313
9.8732,9.9492,9.8732,9.9492,9.9492,9.9492,9.9492,9.9492,10.412,10.649,10.054,10.519,10.482,10.345,10.345,10.326,10.326,10.563,10.581,10.581,10.28,10.28,10.28,10.603,10.838,10.28,10.603,10.977,10.603,10.838,10.838,10.838,10.838,10.96,10.603,10.96,10.838,10.977,10.977,10.795,10.977,10.264,10.977,10.264,10.264,10.977,10.977,10.977,10.264,11.175,10.977,11.203,11.203,11.175,11.248,11.203,10.264,11.323,11.203,11.57,11.203,11.248,11.244,11.244,10.379,10.379
10.055,10.093,10.055,10.093,10.093,10.093,10.093,10.093,10.609,11.388,10.13,10.719,10.522,10.36,10.36,10.241,10.241,10.476,10.591,10.591,10.183,10.183,10.183,10.817,10.961,10.183,10.817,10.907,10.817,10.961,10.961,10.961,10.961,11.003,10.817,11.003,10.961,10.939,10.939,11.096,10.939,10.237,10.939,10.237,10.237,10.939,10.939,10.939,10.237,11.809,10.939,11.512,11.512,11.809,11.326,11.512,10.237,11.658,11.512,11.571,11.512,11.326,11.533,11.533,10.444,10.444
9.4933,9.6774,9.4933,9.6774,9.6774,9.6774,9.6774,9.6774,10.016,10.82,9.8544,10.244,10.083,9.8314,9.8314,9.5453,9.5453,9.9834,9.7114,9.7114,9.8064,9.8064,9.8064,10.161,10.209,9.8064,10.161,10.278,10.161,10.209,10.209,10.209,10.209,10.393,10.161,10.393,10.209,10.161,10.161,10.553,10.161,9.9334,10.161,9.9334,9.9334,10.161,10.161,10.161,9.9334,11.142,10.161,10.961,10.961,11.142,11.051,10.961,9.9334,11.192,10.961,10.853,10.961,11.051,10.835,10.835,10.29,10.29
9.2996,9.554,9.2996,9.554,9.554,9.554,9.554,9.554,9.9744,10.178,9.5065,10.118,9.7744,9.6434,9.6434,9.4744,9.4744,9.5193,9.6684,9.6684,9.5479,9.5479,9.5479,9.8784,9.8674,9.5479,9.8784,9.8864,9.8784,9.8674,9.8674,9.8674,9.8674,9.8834,9.8784,9.8834,9.8674,9.9084,9.9084,10.467,9.9084,9.7804,9.9084,9.7804,9.7804,9.9084,9.9084,9.9084,9.7804,10.273,9.9084,10.66,10.66,10.273,10.758,10.66,9.7804,10.902,10.66,10.611,10.66,10.758,10.563,10.563,10.168,10.168
9.15,9.3379,9.15,9.3379,9.3379,9.3379,9.3379,9.3379,9.6955,9.5757,9.4002,10.034,9.6485,9.7025,9.7025,9.4702,9.4702,9.3346,9.7035,9.7035,9.5192,9.5192,9.5192,9.7285,9.7845,9.5192,9.7285,9.6038,9.7285,9.7845,9.7845,9.7845,9.7845,9.8055,9.7285,9.8055,9.7845,9.7475,9.7475,10.419,9.7475,9.6117,9.7475,9.6117,9.6117,9.7475,9.7475,9.7475,9.6117,10.333,9.7475,10.472,10.472,10.333,10.265,10.472,9.6117,10.56,10.472,10.356,10.472,10.265,10.472,10.472,10.123,10.123
9.1983,9.1152,9.1983,9.1152,9.1152,9.1152,9.1152,9.1152,9.5082,9.5159,9.3251,9.8135,9.6264,9.5294,9.5294,9.4361,9.4361,9.3032,9.6094,9.6094,9.502,9.502,9.502,9.6855,9.7095,9.502,9.6855,9.7345,9.6855,9.7095,9.7095,9.7095,9.7095,9.6685,9.6855,9.6685,9.7095,9.8405,9.8405,10.301,9.8405,9.6311,9.8405,9.6311,9.6311,9.8405,9.8405,9.8405,9.6311,10.352,9.8405,10.261,10.261,10.352,10.439,10.261,9.6311,10.59,10.261,10.338,10.261,10.439,10.255,10.255,9.9935,9.9935
9.2227,9.022,9.2227,9.022,9.022,9.022,9.022,9.022,9.5036,9.4149,9.2836,9.7263,9.4735,9.483,9.483,9.3906,9.3906,9.2593,9.5176,9.5176,9.3465,9.3465,9.3465,9.5409,9.581,9.3465,9.5409,9.6233,9.5409,9.581,9.581,9.581,9.581,9.6209,9.5409,9.6209,9.581,9.7233,9.7233,10.062,9.7233,9.7543,9.7233,9.7543,9.7543,9.7233,9.7233,9.7233,9.7543,10.1,9.7233,10.165,10.165,10.1,10.197,10.165,9.7543,10.506,10.165,10.137,10.165,10.197,10.237,10.237,9.8933,9.8933
9.4438,8.9143,9.4438,8.9143,8.9143,8.9143,8.9143,8.9143,9.311,9.2811,8.9799,9.4434,9.4995,9.3264,9.3264,9.2588,9.2588,9.2601,9.3246,9.3246,9.3664,9.3664,9.3664,9.4809,9.5875,9.3664,9.4809,9.6093,9.4809,9.5875,9.5875,9.5875,9.5875,9.5083,9.4809,9.5083,9.5875,9.7131,9.7131,9.8471,9.7131,9.6393,9.7131,9.6393,9.6393,9.7131,9.7131,9.7131,9.6393,10.059,9.7131,9.8971,9.8971,10.059,10.215,9.8971,9.6393,10.258,9.8971,10.023,9.8971,10.215,9.8441,9.8441,9.9601,9.9601
9.1068,8.9555,9.1068,8.9555,8.9555,8.9555,8.9555,8.9555,9.2195,9.0312,8.9955,9.439,9.3911,9.2718,9.2718,9.1172,9.1172,9.198,9.2775,9.2775,9.2753,9.2753,9.2753,9.329,9.3988,9.2753,9.329,9.4536,9.329,9.3988,9.3988,9.3988,9.3988,9.3571,9.329,9.3571,9.3988,9.5289,9.5289,9.5742,9.5289,9.5616,9.5289,9.5616,9.5616,9.5289,9.5289,9.5289,9.5616,9.8687,9.5289,9.7067,9.7067,9.8687,10.293,9.7067,9.5616,10.07,9.7067,9.8737,9.7067,10.293,9.7457,9.7457,9.7427,9.7427
9.0379,8.9439,9.0379,8.9439,8.9439,8.9439,8.9439,8.9439,9.294,9.0366,9.0088,9.3117,9.3586,9.1461,9.1461,9.1453,9.1453,9.1269,9.2115,9.2115,9.2364,9.2364,9.2364,9.2884,9.4072,9.2364,9.2884,9.3299,9.2884,9.4072,9.4072,9.4072,9.4072,9.3209,9.2884,9.3209,9.4072,9.6253,9.6253,9.5766,9.6253,9.5226,9.6253,9.5226,9.5226,9.6253,9.6253,9.6253,9.5226,9.7511,9.6253,9.6661,9.6661,9.7511,10.117,9.6661,9.5226,9.8881,9.6661,9.7781,9.6661,10.117,9.5809,9.5809,9.591,9.591
8.929,8.8918,8.929,8.8918,8.8918,8.8918,8.8918,8.8918,9.1788,8.9289,8.9137,9.1344,9.2561,9.101,9.101,9.1496,9.1496,8.9755,9.1241,9.1241,9.1572,9.1572,9.1572,9.2241,9.3035,9.1572,9.2241,9.186,9.2241,9.3035,9.3035,9.3035,9.3035,9.1949,9.2241,9.1949,9.3035,9.534,9.534,9.4746,9.534,9.2902,9.534,9.2902,9.2902,9.534,9.534,9.534,9.2902,9.6464,9.534,9.5632,9.5632,9.6464,9.8466,9.5632,9.2902,9.4276,9.5632,9.5877,9.5632,9.8466,9.4145,9.4145,9.5736,9.5736
9.1203,9.0797,9.1203,9.0797,9.0797,9.0797,9.0797,9.0797,9.1882,8.9027,8.9201,8.9614,9.2055,9.0306,9.0306,9.269,9.269,8.9888,9.1732,9.1732,9.1724,9.1724,9.1724,9.1682,9.2922,9.1724,9.1682,9.1493,9.3003,9.2922,9.2922,9.2922,9.2922,9.2165,9.1682,9.2165,9.2922,9.5838,9.5838,9.4172,9.5838,9.1841,9.5838,9.1841,9.1841,9.5838,9.5838,9.5838,9.1841,9.4978,9.5838,9.6523,9.6523,9.4978,9.4719,9.6523,9.1841,9.3171,9.6523,9.5367,9.6523,9.4719,9.3366,9.3366,9.3536,9.3536
9.0219,8.9292,9.0219,8.9292,8.9292,8.9292,8.9292,8.9292,8.9111,8.866,8.9287,9.0942,9.2809,9.0636,9.0636,9.2979,9.2979,9.0093,9.1969,9.1969,9.2916,9.2916,9.2916,9.2568,9.3019,9.2916,9.2568,9.2027,9.3244,9.3019,9.3019,9.3019,9.3019,9.1674,9.2568,9.1674,9.3019,9.5358,9.5358,9.4437,9.5358,9.0282,9.5358,9.0282,9.0282,9.5358,9.5358,9.5358,9.0282,9.498,9.5358,9.3746,9.3746,9.498,9.4344,9.3746,9.0282,9.3245,9.3746,9.4196,9.3746,9.4344,9.3258,9.3258,9.5007,9.5007
8.9106,8.8918,8.9106,8.8918,8.8918,8.8918,8.8918,8.8918,8.942,9.0153,8.9118,9.162,9.3449,9.06,9.06,9.2871,9.2871,8.9925,9.2569,9.2569,9.353,9.353,9.353,9.2265,9.3681,9.353,9.2265,9.2057,9.368,9.3681,9.3681,9.3681,9.3681,9.1908,9.2265,9.1908,9.3681,9.4976,9.4976,9.3918,9.4976,9.1371,9.4976,9.1371,9.1371,9.4976,9.4976,9.4976,9.1371,9.5256,9.4976,9.3679,9.3679,9.5256,9.3746,9.3679,9.1371,9.2623,9.3679,9.3934,9.3679,9.3746,9.3282,9.3282,9.3627,9.3627
8.8308,8.7875,8.8308,8.7875,8.7875,8.7875,8.7875,8.7875,8.8506,8.9249,8.8112,9.0832,9.1042,8.9343,8.9343,9.1371,9.1371,8.9504,9.1499,9.1499,9.2123,9.2123,9.2123,9.1294,9.2716,9.2123,9.1294,9.0107,9.2332,9.2716,9.2716,9.2716,9.2716,9.0564,9.1294,9.0564,9.2716,9.1683,9.1683,9.0346,9.1683,9.0229,9.1683,9.0229,9.0229,9.1683,9.1683,9.1683,9.0229,9.3417,9.1683,9.2713,9.2713,9.3417,9.2398,9.2713,9.0229,9.212,9.2713,9.3349,9.2713,9.2398,9.2462,9.2462,9.3094,9.3094
8.7551,8.6652,8.7551,8.6652,8.6652,8.6652,8.6652,8.6652,8.8271,8.8964,8.858,8.871,9.0288,8.9113,8.9113,9.0109,9.0109,8.8352,8.9457,8.9457,9.0208,9.0208,9.0208,9.0139,9.1301,9.0208,9.0139,9.0191,9.1349,9.1301,9.1301,9.1301,9.1301,8.9251,9.0139,8.9251,9.1301,9.057,9.057,9.1025,9.057,8.9983,9.057,8.9983,8.9983,9.057,9.057,9.057,8.9983,9.3028,9.057,9.2018,9.2018,9.3028,9.0873,9.2018,8.9983,8.9875,9.2018,9.2036,9.2018,9.0873,9.1971,9.1971,9.1513,9.1513
8.6766,8.69,8.6766,8.69,8.69,8.69,8.69,8.69,8.6861,8.8342,8.7701,8.8629,8.995,8.9374,8.9374,8.9516,8.9516,8.7753,8.9828,8.9828,9.0135,9.0135,9.0135,8.9193,9.0513,9.0135,8.9193,9.0159,9.0446,9.0513,9.0513,9.0513,9.0513,8.925,8.9193,8.925,9.0513,9.0789,9.0789,9.1121,9.0789,8.9708,9.0789,8.9708,8.9708,9.0789,9.0789,9.0789,8.9708,9.3234,9.0789,9.1201,9.1201,9.3234,9.0708,9.1201,8.9708,9.0509,9.1201,9.1665,9.1201,9.0708,9.1896,9.1896,8.9785,8.9785
8.6283,8.7349,8.6283,8.7349,8.7349,8.7349,8.7349,8.7349,8.8177,8.8623,8.7194,8.7782,9.1223,8.8784,8.8784,9.0538,9.0538,8.7979,8.9853,8.9853,9.037,9.037,9.0938,8.9424,9.0451,9.037,8.9424,9.0158,9.085,9.0451,9.0451,9.0451,9.0451,8.8752,8.9424,8.8752,9.0451,9.0541,9.0541,9.0888,9.0541,8.9518,9.0541,8.9518,8.9518,9.0541,9.0541,9.0541,8.9518,9.1386,9.0541,9.0107,9.0107,9.1386,9.0366,9.0107,8.9518,9.0269,9.0107,9.2514,9.0107,9.0366,9.1717,9.1717,9.0317,9.0317
8.8196,8.8714,8.8196,8.8714,8.8714,8.8714,8.8714,8.8714,9.0909,9.0944,9.0293,9.3476,9.237,9.2254,9.2254,9.3777,9.3777,9.1852,9.2529,9.2529,9.3393,9.3393,9.2974,9.1912,9.3523,9.3393,9.1912,9.2376,9.3885,9.3523,9.3523,9.3523,9.3523,9.2691,9.1912,9.2691,9.3523,9.4587,9.4587,9.3268,9.4587,9.0745,9.4587,9.0745,9.0745,9.4587,9.4587,9.4587,9.0745,9.435,9.4587,9.3428,9.3428,9.435,9.2078,9.3428,9.0745,9.2384,9.3428,9.3141,9.3428,9.2078,9.3118,9.3118,9.1725,9.1725
8.9139,8.8997,8.9139,8.8997,8.8997,8.8997,8.8997,8.8997,9.2174,9.4321,9.2793,9.7767,9.5123,9.3747,9.3747,9.5531,9.5531,9.4629,9.4783,9.4783,9.5806,9.5806,9.5876,9.5319,9.6559,9.5806,9.5319,9.5497,9.6867,9.6559,9.6559,9.6559,9.6559,9.5908,9.5319,9.5908,9.6559,9.8037,9.8037,9.64,9.8037,9.2291,9.8037,9.2291,9.2291,9.8037,9.8037,9.8037,9.2291,9.6041,9.8037,9.4251,9.4251,9.6041,9.3409,9.4251,9.2291,9.4166,9.4251,9.4848,9.4251,9.3409,9.4902,9.4902,9.3149,9.3149
8.8521,8.8442,8.8521,8.8442,8.8442,8.8442,8.8442,8.8442,9.4718,9.9046,9.4046,10.06,9.5081,9.6181,9.6181,9.6583,9.6583,9.5894,9.6305,9.6305,9.5979,9.5979,9.6592,9.6903,9.8286,9.5979,9.6903,9.7536,9.8066,9.8286,9.8286,9.8286,9.8286,9.8056,9.6903,9.8056,9.8286,9.9226,9.9226,9.7616,9.9226,9.4333,9.9226,9.4333,9.4333,9.9226,9.9226,9.9226,9.4333,9.6114,9.9226,9.3604,9.3604,9.6114,9.5692,9.3604,9.4333,9.6434,9.3604,9.4526,9.3604,9.5692,9.5082,9.5082,9.4006,9.4006
8.7429,8.7442,8.7429,8.7442,8.7442,8.7442,8.7442,8.7442,9.3707,10.048,9.7598,9.9208,9.7368,9.7268,9.7268,9.8838,9.8838,9.618,9.692,9.692,9.6696,9.6696,9.6659,9.6674,9.9718,9.6696,9.6674,9.9218,10.012,9.9718,9.9718,9.9718,9.9718,9.9848,9.6674,9.9848,9.9718,9.9658,9.9658,9.8168,9.9658,9.4639,9.9658,9.4639,9.4639,9.9658,9.9658,9.9658,9.4639,9.6814,9.9658,9.5463,9.5463,9.6814,9.5785,9.5463,9.4639,9.6526,9.5463,9.5923,9.5463,9.5785,9.7034,9.7034,9.4855,9.4855
8.5434,8.6651,8.5434,8.6651,8.6651,8.6651,8.6651,8.6651,9.3435,9.7566,10.311,10.132,9.5491,9.7806,9.7806,9.6944,9.6944,9.51,9.6364,9.6364,9.5086,9.5086,9.6809,9.8546,10.076,9.5086,9.8546,10.196,10.142,10.076,10.076,10.076,10.076,10.097,9.8546,10.097,10.076,10.086,10.086,9.8536,10.086,9.4435,10.086,9.4435,9.4435,10.086,10.086,10.086,9.4435,9.5774,10.086,9.5232,9.5232,9.5774,9.6426,9.5232,9.4435,9.7566,9.5232,9.704,9.5232,9.6426,9.7396,9.7396,9.4025,9.4025
9.0696,8.8758,9.0696,8.8758,8.8758,8.8758,8.8758,8.8758,9.523,10.234,10.293,10.277,9.9645,10.127,10.127,9.9465,9.9465,9.6277,9.8045,9.8045,9.6658,9.6658,9.9375,10.121,10.46,9.6658,10.121,10.528,10.636,10.46,10.46,10.46,10.46,10.274,10.121,10.274,10.46,10.365,10.365,10.141,10.365,9.5865,10.365,9.5865,9.5865,10.365,10.365,10.365,9.5865,9.7675,10.365,9.7665,9.7665,9.7675,9.9955,9.7665,9.5865,10.034,9.7665,9.8495,9.7665,9.9955,9.9305,9.9305,9.6146,9.6146
9.0695,8.88,9.0695,8.88,8.88,8.88,8.88,8.88,9.7017,10.321,9.9603,10.294,10.233,10.074,10.074,10.006,10.006,9.8213,9.8513,9.8513,9.8073,9.8073,10.043,10.681,10.566,9.8073,10.681,10.576,10.829,10.566,10.566,10.566,10.566,10.678,10.681,10.678,10.566,10.465,10.465,10.288,10.465,9.9043,10.465,9.9043,9.9043,10.465,10.465,10.465,9.9043,10.042,10.465,9.8823,9.8823,10.042,10.155,9.8823,9.9043,10.132,9.8823,9.9703,9.8823,10.155,10.132,10.132,9.7663,9.7663
9.2454,8.9452,9.2454,8.9452,8.9452,8.9452,8.9452,8.9452,9.8219,10.294,10.2,10.422,10.303,9.9019,9.9019,9.9599,9.9599,9.8079,9.9049,9.9049,9.8939,9.8939,10.069,10.904,10.75,9.8939,10.904,10.702,10.988,10.75,10.75,10.75,10.75,10.84,10.904,10.84,10.75,10.695,10.695,10.118,10.695,9.9599,10.695,9.9599,9.9599,10.695,10.695,10.695,9.9599,10.22,10.695,10.073,10.073,10.22,10.336,10.073,9.9599,10.21,10.073,10.123,10.073,10.336,10.178,10.178,9.9199,9.9199
9.153,8.9522,9.153,8.9522,8.9522,8.9522,8.9522,8.9522,9.8175,9.9615,10.521,10.211,10.292,9.9295,9.9295,10.071,10.071,10.15,9.8375,9.8375,10.024,10.024,10.318,10.988,10.917,10.024,10.988,10.579,11.238,10.917,10.917,10.917,10.917,10.881,10.988,10.881,10.917,10.899,10.899,10.483,10.899,10.104,10.899,10.104,10.104,10.899,10.899,10.899,10.104,10.222,10.899,10.311,10.311,10.222,10.571,10.311,10.104,10.263,10.311,10.197,10.311,10.571,10.229,10.229,10.01,10.01
9.0968,8.8868,9.0968,8.8868,8.8868,8.8868,8.8868,8.8868,9.8042,10.075,10.361,10.229,10.485,10.171,10.171,10.029,10.029,10.354,9.8842,9.8842,10.222,10.222,10.41,10.926,11.159,10.222,10.926,10.562,11.464,11.159,11.159,11.159,11.159,10.617,10.926,10.617,11.159,10.656,10.656,10.475,10.656,9.9992,10.656,9.9992,9.9992,10.656,10.656,10.656,9.9992,10.506,10.656,10.122,10.122,10.506,10.412,10.122,9.9992,10.214,10.122,10.063,10.122,10.412,9.9462,9.9462,10.047,10.047
9.0489,8.8639,9.0489,8.8639,8.8639,8.8639,8.8639,8.8639,9.8497,10.655,10.625,10.352,10.149,10.086,10.086,9.7657,9.7657,10.725,10.15,10.15,10.27,10.27,10.185,10.569,10.999,10.27,10.569,11.04,11.383,10.999,10.999,10.999,10.999,10.859,10.569,10.859,10.999,10.571,10.571,10.515,10.571,10.072,10.571,10.072,10.072,10.571,10.571,10.571,10.072,10.695,10.571,10.096,10.096,10.695,10.168,10.096,10.072,10.107,10.096,10.098,10.096,10.168,9.8647,9.8647,9.9497,9.9497
9.1736,9.2759,9.1736,9.2759,9.2759,9.2759,9.2759,9.2759,10.214,10.656,11.314,10.184,10.159,10.082,10.082,9.7071,9.7071,10.706,10.231,10.231,10.231,10.231,10.231,10.642,11.039,10.231,10.642,10.965,10.977,11.039,11.039,11.039,11.039,10.774,10.642,10.774,11.039,10.589,10.589,10.373,10.589,9.9652,10.589,9.9652,9.9652,10.589,10.589,10.589,9.9652,10.67,10.589,9.9172,9.9172,10.67,10.235,9.9172,9.9652,10.026,9.9172,10.16,9.9172,10.235,9.8262,9.8262,10.011,10.011
9.015,9.2764,9.015,9.2764,9.2764,9.2764,9.2764,9.2764,10.117,10.004,10.788,10.416,10.359,10.152,10.152,9.8996,9.8996,10.435,10.372,10.372,10.401,10.401,10.333,10.629,10.998,10.401,10.629,10.959,11.232,10.998,10.998,10.998,10.998,10.949,10.629,10.949,10.998,10.486,10.486,10.78,10.486,10.09,10.486,10.09,10.09,10.486,10.486,10.486,10.09,10.873,10.486,10.094,10.094,10.873,10.261,10.094,10.09,10.055,10.094,10.321,10.094,10.261,9.8866,9.8866,10.115,10.115
9.1097,9.1719,9.1097,9.1719,9.1719,9.1719,9.1719,9.1719,9.9719,10.055,11.352,10.285,10.188,10.162,10.162,9.9179,9.9179,10.283,10.45,10.45,10.414,10.414,10.315,10.752,10.726,10.414,10.752,11.112,11.306,10.726,10.726,10.726,10.726,10.646,10.752,10.646,10.726,10.42,10.42,10.49,10.42,10.248,10.42,10.248,10.248,10.42,10.42,10.42,10.046,10.791,10.42,10.165,10.165,10.791,10.271,10.165,10.248,9.9269,10.165,10.431,10.165,10.271,9.9389,9.9389,10.01,10.01
9.3312,9.1749,9.3312,9.1749,9.1749,9.1749,9.1749,9.1749,9.9692,10.136,11.048,10.337,10.559,10.024,10.024,9.9872,9.9872,10.203,10.336,10.336,10.369,10.369,10.119,10.563,10.252,10.369,10.563,10.968,10.004,10.252,10.252,10.252,10.252,10.599,10.563,10.599,10.252,10.342,10.342,10.106,10.342,10.403,10.342,10.403,10.403,10.342,10.342,10.342,10.144,10.776,10.342,10.259,10.259,10.776,10.189,10.259,10.403,10.016,10.259,10.387,10.259,10.189,10.048,10.048,10.273,10.273
9.2654,8.9491,9.2654,8.9491,8.9491,8.9491,8.9491,8.9491,9.708,10.175,10.254,10.301,10.295,9.7725,9.7725,9.8215,9.8215,9.8015,9.9665,9.9665,10.23,10.23,9.9515,10.479,10.238,10.23,10.479,10.799,10.434,10.238,10.238,10.238,10.238,10.223,10.479,10.223,10.238,10.236,10.236,9.9635,10.236,10.333,10.236,10.333,10.333,10.236,10.236,10.236,9.9175,10.488,10.236,10.105,10.105,10.488,9.9355,10.105,10.333,10.161,10.105,10.26,10.105,9.9355,9.9675,9.9675,10.176,10.176
8.9114,8.8221,8.9114,8.8221,8.8221,8.8221,8.8221,8.8221,9.0887,9.7938,9.7281,9.6769,9.8208,9.2496,9.2496,9.3825,9.3825,9.3912,9.4991,9.4991,9.7266,9.7266,9.404,10.209,9.8098,9.7266,10.209,10.009,9.9378,9.8098,9.8098,9.8098,9.8098,9.671,10.209,9.671,9.8098,9.6862,9.6862,9.5883,9.6862,9.6905,9.6862,9.6905,9.6905,9.6862,9.6862,9.6862,9.6767,9.8888,9.6862,9.649,9.649,9.8888,9.4855,9.649,9.6905,9.7508,9.649,10.022,9.649,9.4855,9.613,9.613,9.8458,9.8458
8.7734,8.8628,8.7734,8.8628,8.8628,8.8628,8.8628,8.8628,9.0209,9.7583,9.5932,9.6195,9.7651,9.2024,9.2024,9.3953,9.3953,9.2456,9.3617,9.3617,9.6389,9.6389,9.3883,9.8231,9.579,9.6389,9.8231,9.7841,9.8691,9.579,9.579,9.579,9.579,9.6308,9.8231,9.6308,9.579,9.4622,9.4622,9.4786,9.4622,9.5057,9.4622,9.5057,9.5057,9.4622,9.4622,9.4622,9.4574,9.5184,9.4622,9.525,9.525,9.5184,9.4137,9.525,9.5057,9.5869,9.525,10.098,9.525,9.4137,9.5139,9.5139,9.7741,9.7741
8.8699,8.9704,8.8699,8.9704,8.9704,8.9704,8.9704,8.9704,8.9534,9.7923,9.5051,9.5887,9.7703,9.2637,9.2637,9.3695,9.3695,9.2344,9.2982,9.2982,9.5224,9.5224,9.3515,9.8093,9.3031,9.5224,9.8093,9.7668,9.664,9.3031,9.3031,9.3031,9.3031,9.5477,9.8093,9.5477,9.3031,9.425,9.425,9.5262,9.425,9.5101,9.425,9.5101,9.5101,9.425,9.425,9.425,9.5596,9.7693,9.425,9.4207,9.4207,9.7693,9.3886,9.4207,9.5101,9.5729,9.4207,9.9813,9.4207,9.3886,9.594,9.594,9.6916,9.6916
8.67,8.9435,8.67,8.9435,8.9435,8.9435,8.9435,8.9435,8.9777,9.456,9.4053,9.5575,9.6412,9.2341,9.2341,9.2475,9.2475,9.159,9.3052,9.3052,9.588,9.588,9.4627,9.6419,9.5753,9.588,9.6419,9.6375,9.8045,9.5753,9.5753,9.5753,9.5753,9.4312,9.6419,9.4312,9.5753,9.453,9.453,9.4912,9.453,9.6201,9.453,9.6201,9.6201,9.453,9.453,9.453,9.6442,9.6451,9.453,9.3298,9.3298,9.6451,9.2951,9.3298,9.6201,9.5482,9.3298,9.7625,9.3298,9.2951,9.5193,9.5193,9.7252,9.7252
8.8468,9.0759,8.8468,9.0759,9.0759,9.0759,9.0759,9.0759,8.9031,9.4358,9.163,9.5413,9.5523,9.2064,9.2064,9.2729,9.2729,9.234,9.4369,9.4369,9.4889,9.4889,9.376,9.598,9.3618,9.4889,9.598,9.588,9.8217,9.3618,9.3618,9.3618,9.3618,9.2459,9.598,9.2459,9.3618,9.5038,9.5038,9.4681,9.5038,9.538,9.5038,9.538,9.538,9.5038,9.5038,9.5038,9.6106,9.4466,9.5038,9.2526,9.2526,9.4466,9.4247,9.2526,9.538,9.5109,9.2526,9.7877,9.2526,9.4247,9.6041,9.6041,9.8667,9.8667
8.6759,9.0226,8.6759,9.0226,9.0226,9.0226,9.0226,9.0226,8.8344,9.1397,9.1964,9.2886,9.5235,9.2038,9.2038,9.3149,9.3149,9.1825,9.3963,9.3963,9.4131,9.4131,9.3897,9.5729,9.3444,9.4131,9.5729,9.4961,9.5946,9.3444,9.3444,9.3444,9.3444,9.2356,9.5729,9.2356,9.3444,9.4651,9.4651,9.3206,9.4651,9.5562,9.4651,9.5562,9.5562,9.4651,9.4651,9.4651,9.5674,9.355,9.4651,9.1623,9.1623,9.355,9.2713,9.1623,9.5562,9.2917,9.1623,9.6127,9.1623,9.2713,9.5066,9.5066,9.7211,9.7211
8.7917,8.9502,8.7917,8.9502,8.9502,8.9502,8.9502,8.9502,8.769,9.163,9.0003,9.2363,9.3712,9.1163,9.1163,9.1613,9.1613,9.146,9.2862,9.2862,9.3291,9.3291,9.2997,9.4483,9.2381,9.3291,9.4483,9.3698,9.4655,9.2381,9.2381,9.2381,9.2381,9.1463,9.4483,9.1463,9.2381,9.4947,9.4947,9.2832,9.4947,9.5079,9.4947,9.5079,9.5079,9.4947,9.4947,9.4947,9.3572,9.33,9.4947,9.1727,9.1727,9.33,9.2392,9.1727,9.5079,9.2693,9.1727,9.4569,9.1727,9.2392,9.4728,9.4728,9.7151,9.7151
8.6744,8.8899,8.6744,8.8899,8.8899,8.8899,8.8899,8.8899,8.7263,8.9457,8.9193,9.1957,9.2518,9.0504,9.0504,9.1386,9.1386,8.9802,9.193,9.193,9.2174,9.2174,9.2712,9.2455,9.1413,9.2174,9.2455,9.1728,9.3195,9.1413,9.1413,9.1413,9.1413,9.0335,9.2455,9.0335,9.1413,9.3831,9.3831,9.0958,9.3831,9.3788,9.3831,9.3788,9.3788,9.3831,9.3831,9.3831,9.2506,9.2482,9.3831,9.1273,9.1273,9.2482,9.1434,9.1273,9.3788,9.1971,9.1273,9.4362,9.1273,9.1434,9.3656,9.3064,9.5067,9.5067
8.7059,8.8426,8.7059,8.8426,8.8426,8.8426,8.8426,8.8426,8.7623,8.9429,8.8908,9.1513,9.2616,9.0707,9.0707,9.098,9.098,8.9608,9.1851,9.1851,9.1717,9.1717,9.2606,9.1104,9.1851,9.1717,9.1104,9.0872,9.1223,9.1851,9.1851,9.1851,9.1851,8.9151,9.1104,8.9151,9.1851,9.3754,9.3754,9.066,9.3754,9.3786,9.3754,9.3786,9.3786,9.3754,9.3754,9.3754,9.1108,9.0359,9.3754,9.0711,9.0711,9.0359,9.1143,9.0711,9.3786,9.3581,9.0711,9.2696,9.0711,9.1143,9.3922,9.0859,9.4753,9.4753
8.6545,8.8541,8.6545,8.8541,8.8541,8.8541,8.8541,8.8541,8.7107,8.8903,8.9344,9.0605,9.1854,8.9102,8.9102,9.1132,9.1132,8.9433,9.1084,9.1084,9.1429,9.1429,9.2459,9.0729,9.164,9.1429,9.0729,8.9225,9.0591,9.164,9.164,9.164,9.164,8.9265,9.0729,8.9265,9.164,9.3572,9.3572,9.0679,9.3572,9.4475,9.3572,9.4475,9.4475,9.3572,9.3572,9.3572,9.1729,8.9633,9.3572,9.0924,9.0924,8.9633,9.2657,9.0924,9.4475,9.2007,9.0924,9.351,9.0924,9.2657,9.1798,9.2385,9.3234,9.3234
8.5918,8.8474,8.5918,8.8474,8.8474,8.8474,8.8474,8.8474,8.7067,8.8186,8.8955,9.0686,9.1597,8.9418,8.9418,9.1023,9.1023,8.8366,9.1826,9.1826,9.1812,9.1812,9.2721,9.0188,9.162,9.1812,9.0188,9.01,9.0811,9.162,9.162,9.162,9.162,9.165,9.0188,9.165,9.162,9.3445,9.3445,9.0753,9.3445,9.4461,9.3445,9.4461,9.4461,9.3445,9.3445,9.3445,9.1763,9.0541,9.3445,9.1056,9.1056,9.0541,9.1692,9.1056,9.4461,9.1969,9.1056,9.1891,9.1056,9.1692,9.1546,9.2305,9.2705,9.2705
8.5896,9.0018,8.5896,9.0018,9.0018,9.0018,9.0018,9.0018,8.6991,8.8122,8.938,9.079,9.1675,8.9707,8.9707,9.1558,9.1558,8.9407,9.1594,9.1594,9.1802,9.1802,9.2459,8.9594,9.1166,9.1802,8.9594,9.0008,9.0603,9.1166,9.1166,9.1166,9.1166,9.0514,8.9594,9.0514,9.1166,9.3842,9.3842,9.0193,9.3842,9.3838,9.3842,9.3838,9.3838,9.3842,9.3842,9.3842,9.142,9.0476,9.3842,9.1237,9.1237,9.0476,9.1569,9.1237,9.3838,9.1907,9.1237,9.1853,9.1237,9.1569,9.2229,9.2579,9.2559,9.2559
8.5455,8.8423,8.5455,8.8423,8.8423,8.8423,8.8423,8.8423,8.634,8.7143,8.8248,8.9077,8.9732,8.6663,8.6663,9.0157,9.0157,8.7523,8.986,8.986,9.2209,9.2209,9.1046,8.898,8.9724,9.2209,8.898,8.8238,8.9411,8.9724,8.9724,8.9724,8.9724,8.9617,8.898,8.9617,8.9724,9.3176,9.3176,8.805,9.3176,9.1934,9.3176,9.1934,9.1934,9.3176,9.3176,9.3176,8.8759,8.9081,9.3176,8.9365,8.9365,8.9081,9.0414,8.9365,9.1934,9.0156,8.9365,9.09,8.9365,9.0414,9.1206,9.0354,9.1176,9.1176
8.5127,8.9335,8.5127,8.9335,8.9335,8.9335,8.9335,8.9335,8.6587,8.8076,8.7674,8.9123,9.185,8.7578,8.7578,8.9719,8.9719,8.8858,9.0123,9.0123,9.0892,9.0892,9.0885,8.8265,9.0274,9.0892,8.8265,8.7817,8.9564,9.0274,9.0274,9.0274,9.0274,8.9039,8.8265,8.9039,9.0274,9.3205,9.3205,8.8459,9.3205,9.2232,9.3205,9.2232,9.2232,9.3205,9.3205,9.3205,8.8909,8.8976,9.3205,8.8759,9.073,8.8976,8.994,9.073,9.2232,9.0706,9.073,9.0652,9.073,8.994,9.1324,9.003,9.0987,9.0987
8.501,8.9396,8.501,8.9396,8.9396,8.9396,8.9396,8.9396,8.6833,8.7862,8.7678,8.8813,9.0345,8.7727,8.7727,8.9507,8.9507,8.8369,9.0364,9.0364,8.8596,9.1441,9.0624,8.7856,8.9536,9.1441,8.7856,8.7561,8.9051,8.9536,8.9536,8.9536,8.9536,8.8998,8.7856,8.8998,8.9536,9.2118,9.2118,8.8081,9.2118,9.2274,9.2118,9.2274,9.2274,9.2118,9.2118,9.2118,8.9609,8.8572,9.2118,8.9841,9.0403,8.8572,9.0344,9.0403,9.2274,8.9967,9.0403,9.0129,9.0403,9.0344,9.1226,9.0195,9.0475,9.0475
8.553,8.9774,8.553,8.9774,8.9774,8.9774,8.9774,8.9774,8.6219,8.8313,8.7676,8.9087,9.0754,8.7748,8.7748,9.0862,9.0862,8.8547,9.0744,9.0744,8.9115,9.1647,9.1301,8.8396,9.0607,9.1647,8.8396,8.7889,8.8901,9.0607,9.0607,9.0607,9.0607,8.912,8.8396,8.912,9.0607,9.1963,9.1963,8.8952,9.1963,9.2099,9.1963,9.2099,9.2099,9.1963,9.1963,9.1963,9.0059,8.8793,9.1963,9.024,9.0899,8.8793,9.0498,9.0899,9.2099,9.0148,9.0899,9.0677,9.0899,9.0498,9.0581,8.9875,9.032,9.032
8.6588,9.0367,8.6588,9.0367,9.0367,9.0367,9.0367,9.0367,8.6826,8.8919,8.8527,9.0133,9.2216,8.9081,8.9081,9.2087,9.2087,8.8291,9.1588,9.1588,8.9878,9.2277,9.2121,8.9149,9.1234,9.2277,8.9149,8.8303,9.0704,9.1234,9.2445,9.2445,9.2445,9.0112,8.9149,9.0112,9.1234,9.2358,9.2358,8.9379,9.2358,9.1386,9.2358,9.1386,9.1386,9.2358,9.2358,9.2358,9.0874,8.8873,9.2358,9.1273,9.0877,8.8873,9.0194,9.0877,9.1386,9.1734,9.0877,9.107,9.0877,9.0194,9.071,9.0293,9.0455,9.0455
8.7023,9.3839,8.7023,9.3839,9.3839,9.3839,9.3839,9.3839,9.1989,9.2132,9.244,9.4806,9.6295,9.3445,9.3445,9.6271,9.6271,9.1772,9.4528,9.4528,9.1796,9.5726,9.4401,9.3818,9.5506,9.5726,9.3818,9.3899,9.4647,9.5506,9.7469,9.7469,9.7469,9.4292,9.3818,9.4292,9.5506,9.719,9.719,9.3528,9.719,9.5864,9.719,9.5864,9.5864,9.719,9.719,9.719,9.4011,9.3457,9.719,9.3046,9.2187,9.3457,9.3598,9.2187,9.5864,9.3398,9.2187,9.424,9.2187,9.3598,9.4225,9.4622,9.2857,9.2857
8.7911,9.3628,8.7911,9.3628,9.3628,9.3628,9.3628,9.3628,9.3095,9.3523,9.2825,9.5772,9.6785,9.4452,9.4452,9.6744,9.6744,9.295,9.4624,9.4624,9.3361,9.5378,9.4117,9.5412,9.6245,9.5378,9.5412,9.7576,9.5836,9.6245,9.9196,9.9196,9.9196,9.5284,9.5412,9.5284,9.6245,9.9526,9.9526,9.3237,9.9526,9.5315,9.9526,9.5315,9.5315,9.9526,9.9526,9.9526,9.535,9.5183,9.9526,9.429,9.1745,9.5183,9.4228,9.1745,9.5315,9.5659,9.1745,9.4411,9.1745,9.4228,9.2923,9.447,9.2059,9.2059
8.8941,9.5105,8.8941,9.5105,9.5105,9.5105,9.5105,9.5105,9.4888,9.2888,9.6183,9.6249,9.7536,9.4372,9.4372,9.6902,9.6902,9.3518,9.4842,9.4842,9.2892,9.4495,9.5455,9.6865,9.7071,9.4495,9.6865,9.8871,9.8125,9.7071,9.9561,9.9561,9.9561,9.6824,9.6865,9.6824,9.7071,9.7484,9.7484,9.4768,9.7484,9.5043,9.7484,9.5043,9.5043,9.7484,9.7484,9.7484,9.5407,9.4532,9.7484,9.719,9.3859,9.4532,9.581,9.3859,9.5043,9.4694,9.3859,9.2855,9.3859,9.581,9.3734,9.5771,9.2566,9.2566
8.8897,9.5752,8.8897,9.5752,9.5752,9.5752,9.5752,9.5752,9.5261,9.4244,9.8565,9.8016,10.011,9.6765,9.6765,9.9575,9.9575,9.4379,9.5966,9.5966,9.3875,9.6181,9.5455,9.8875,9.61,9.6181,9.8875,10.025,9.9885,9.61,10.238,10.238,10.238,9.8655,9.8875,9.8655,9.61,10.067,10.067,9.6479,10.067,9.8325,10.067,9.8325,9.8325,10.067,10.067,10.067,9.575,9.6081,10.067,9.8915,9.5696,9.6081,9.8112,9.5696,9.8325,9.4432,9.5696,9.1826,9.5696,9.8112,9.4384,9.7513,9.4014,9.4014
8.9333,9.695,8.9333,9.695,9.695,9.695,9.695,9.695,9.752,9.6541,10.112,9.875,10.084,9.864,9.864,10.045,10.045,9.6163,9.7577,9.7577,9.5464,9.7576,9.7045,10.004,9.892,9.7576,10.004,10.218,10.26,9.892,10.502,10.502,10.502,10.184,10.004,10.184,9.892,10.316,10.316,9.6931,10.316,10.103,10.316,10.103,10.103,10.316,10.316,10.316,9.7996,9.6724,10.316,9.876,9.1423,9.6724,9.7968,9.1423,10.103,9.6285,9.1423,9.999,9.1423,9.7968,9.6133,9.951,9.6182,9.6182
9.0833,9.8925,9.0833,9.8925,9.8925,9.8925,9.8925,9.8925,9.754,9.786,10.221,10.009,10.302,10.177,10.177,10.15,10.15,9.8084,9.7883,9.7883,9.6913,9.8199,9.7983,10.331,10.179,9.8199,10.331,10.179,10.431,10.179,10.737,10.737,10.737,10.683,10.331,10.683,10.179,10.551,10.551,9.9965,10.551,10.133,10.551,10.133,10.133,10.551,10.551,10.551,10.083,9.8555,10.551,10.123,9.5702,9.8555,9.8455,9.5702,10.133,9.9925,9.5702,10.026,9.5702,9.8455,9.7584,10.083,9.7196,9.7196
9.3384,10.161,9.3384,10.161,10.161,10.161,10.161,10.161,9.8879,10.006,10.585,9.9909,10.301,9.8299,9.8299,10.156,10.156,9.7912,9.7195,9.7195,9.7373,9.6842,9.8579,10.396,10.206,9.6842,10.396,10.24,10.512,10.206,10.826,10.826,10.826,10.861,10.396,10.861,10.206,10.709,10.709,10.241,10.709,10.108,10.709,10.108,10.108,10.709,10.709,10.709,10.216,10.112,10.709,10.192,9.5756,10.112,9.8639,9.5756,10.108,10.003,9.5756,10.273,9.5756,9.8639,9.9019,10.246,9.8799,9.8799
9.5131,10.369,9.5131,10.369,10.369,10.369,10.369,10.369,9.9552,9.8772,10.523,9.9592,10.451,10.022,10.022,10.186,10.186,9.9142,9.7262,9.7262,9.6859,9.7125,9.8762,10.587,10.373,9.7125,10.587,10.34,10.576,10.373,10.825,10.825,10.825,11.092,10.587,11.092,10.373,10.803,10.803,10.316,10.803,10.213,10.803,10.213,10.213,10.803,10.803,10.803,10.238,10.368,10.803,10.38,8.8155,10.368,9.9762,8.8155,10.213,10.042,8.8155,10.103,8.8155,9.9762,10.005,10.169,10.199,10.199
9.2698,10.246,9.2698,10.246,10.246,10.246,10.246,10.246,10.036,9.9075,9.9945,9.9475,10.357,10.071,10.071,10.287,10.287,9.8425,9.8247,9.8247,9.712,9.774,9.8395,10.5,10.366,9.774,10.5,10.081,10.492,10.366,10.823,10.823,10.823,11.121,10.5,11.121,10.366,10.884,10.884,10.31,10.884,10.197,10.884,10.197,10.197,10.884,10.884,10.884,10.183,10.487,10.884,10.243,9.5593,10.487,9.9885,9.5593,10.197,10.067,9.5593,10.145,9.5593,9.9885,10.022,10.173,10.268,10.268
9.43,10.574,9.43,10.574,10.574,10.574,10.574,10.574,9.8647,9.9237,10.409,9.9737,10.619,9.8053,9.8053,9.8367,9.8367,10.277,9.8747,9.8747,9.9967,9.7741,10.231,10.701,10.305,9.7741,10.701,10.58,10.375,10.305,10.876,10.876,10.876,10.745,10.701,10.745,10.305,10.96,10.96,10.403,10.96,10.471,10.96,10.471,10.183,10.96,10.96,10.96,10.434,10.25,10.96,10.44,9.1697,10.25,10.096,9.1697,10.471,10.167,9.1697,10.197,9.1697,10.096,10.332,10.278,10.452,10.452
9.924,10.66,9.924,10.66,10.66,10.66,10.66,10.66,9.8162,10.357,10.443,10.172,10.568,9.8069,9.8069,9.854,9.854,10.509,9.893,9.893,10.159,9.935,10.463,10.52,10.218,9.935,10.52,10.635,10.526,10.218,10.559,10.559,10.559,10.955,10.52,10.955,10.218,11.075,11.075,10.504,11.075,10.306,11.075,10.306,10.38,11.075,11.075,11.075,10.521,10.217,11.075,10.495,9.5144,10.217,10.186,9.5144,10.306,10.298,9.5144,10.191,9.5144,10.186,10.418,10.289,10.442,10.442
9.9483,9.6382,9.9483,9.6382,9.6382,11.216,9.6382,9.6382,9.7768,10.541,10.448,10.131,10.711,9.7763,9.7763,9.782,9.782,10.889,9.9123,9.9123,10.026,10.081,10.935,10.463,10.183,10.081,10.463,10.806,10.685,10.183,10.581,10.581,10.581,10.773,10.463,10.773,10.183,11.019,11.019,10.596,11.019,9.7956,11.019,9.7956,10.492,11.019,11.019,11.019,10.223,10.339,11.019,10.453,9.6845,10.339,10.385,9.6845,9.7956,10.358,9.6845,10.28,9.6845,10.385,10.551,10.376,10.5,10.5
10.113,9.7625,10.113,9.7625,9.7625,11.213,9.7625,9.7625,9.9606,10.537,10.359,10.224,10.846,9.7901,9.7901,10.047,10.047,10.722,9.9736,9.9736,10.015,10.214,11.213,10.532,10.431,10.214,10.532,11.35,10.74,10.431,10.724,10.724,10.724,10.728,10.532,10.728,10.431,10.78,10.78,10.289,10.78,10.254,10.78,10.254,11.252,10.78,10.78,10.78,10.572,10.481,10.78,10.366,9.4215,10.481,10.358,9.4215,10.254,10.451,9.4215,10.677,9.4215,10.358,10.455,10.41,10.593,10.593
10.265,9.8255,10.265,9.8255,9.8255,11.375,9.8255,9.8255,9.6099,9.9688,10.009,9.7269,10.878,9.6799,9.6799,9.9548,9.9548,10.233,9.8148,9.8148,10.01,9.9078,10.58,10.119,10.072,9.9078,10.119,10.81,10.453,10.072,10.332,10.332,10.332,10.494,10.119,10.494,10.072,10.653,10.653,10.019,10.653,9.7633,10.653,9.7633,10.656,10.653,10.653,10.653,10.407,10.141,10.653,10.325,9.2691,10.141,10.072,9.2691,9.7633,10.108,9.2691,10.437,9.2691,10.072,9.9578,10.403,10.505,10.505
9.7327,8.9104,9.7327,8.9104,8.9104,10.657,8.9104,8.9104,9.1063,9.1963,9.6722,9.2501,10.532,9.3321,9.3321,9.603,9.603,9.6156,9.3949,9.3949,9.6529,9.506,9.8342,9.6406,9.9999,9.506,9.6406,9.7733,9.843,9.9999,9.9119,9.9119,9.9119,10.245,9.6406,10.245,9.9999,10.131,10.131,9.6061,10.131,9.4347,10.131,9.4347,10.015,10.131,10.131,10.131,10.115,9.6738,10.131,9.8669,9.1858,9.6738,9.6143,9.1858,9.4347,9.6082,9.1858,10.065,9.1858,9.6143,9.9969,10.019,10.215,10.215
9.7877,9.6154,9.7877,9.6154,9.6154,10.8,9.6154,9.6154,8.984,9.1043,9.6388,9.1099,10.236,9.1648,9.1648,9.7437,9.7437,9.5801,9.284,9.284,9.8228,9.3895,10.321,9.6421,9.6683,9.3895,9.6421,9.9131,10.086,9.6683,9.7419,9.7419,9.7419,9.4555,9.6421,9.4555,9.6683,9.7708,9.7708,9.5065,9.7708,9.2572,9.7708,9.2572,10.126,9.7708,9.7708,9.7708,9.7289,9.7045,9.7708,9.7032,9.0341,9.7045,9.4428,9.0341,9.2572,9.8278,9.0341,10.045,9.0435,9.4428,9.9331,9.8591,10.179,10.179
9.8214,10.445,9.8214,10.445,10.445,10.738,10.445,10.445,8.94,9.0958,9.5038,9.1336,10.436,9.1142,9.1142,9.3539,9.3539,9.5014,9.3012,9.3012,10.269,9.7297,10.44,9.6377,9.8214,9.7297,9.6377,10.014,10.059,9.8214,9.7342,9.7342,9.7342,9.4431,9.6377,9.4431,9.8214,9.9371,9.9371,9.5694,9.9371,9.5685,9.9371,9.5685,10.187,9.9371,9.9371,9.9371,9.6462,9.6695,9.9371,9.6154,9.2053,9.6695,9.7282,9.2053,9.5685,10.224,9.2053,10.103,9.1142,9.7282,9.7065,9.8511,9.9691,9.9691
9.9001,10.072,9.9001,10.072,10.072,10.559,10.072,10.072,8.9514,9.2378,9.5601,9.2355,10.209,9.1074,9.1074,9.2527,9.2527,9.9641,9.4378,9.4378,10.55,10.295,10.2,9.9811,9.7478,10.295,9.9811,10.303,10.191,9.7478,9.6894,9.6894,9.6894,9.6613,9.9811,9.6613,9.7478,9.7603,9.7603,9.7665,9.7603,9.5944,9.7603,9.5944,10.155,9.7603,9.7603,9.7603,9.6595,9.6191,9.7603,9.7815,9.3877,9.6191,9.8371,9.3877,9.5944,10.256,9.3877,10.246,9.377,9.8371,9.5284,9.8318,9.7304,9.7304
9.5624,10.038,9.5624,9.9791,10.038,10.386,10.038,10.038,8.9524,9.1272,9.4315,9.1782,10.095,9.1323,9.1323,9.2866,9.2866,9.9631,9.3887,9.3887,10.37,10.246,10.002,9.8911,9.8446,10.246,9.8911,10.181,10.136,9.8446,9.758,9.758,9.758,9.4248,9.8911,9.4248,9.8446,9.9051,9.9051,9.5434,9.9051,9.5928,9.9051,9.5928,10.112,9.9051,9.9051,9.9051,9.7477,9.4926,9.9051,9.7699,9.447,9.4926,9.9351,9.447,9.5928,10.088,9.447,10.066,9.2817,9.9351,9.5317,9.7439,9.5415,9.5415
9.2904,9.8712,9.2904,9.8266,9.8712,10.035,9.8712,9.8712,8.9298,9.0181,9.1763,9.1215,9.9132,9.1247,9.1247,9.2887,9.2887,9.9682,9.4533,9.4533,10.158,10.152,9.805,9.8088,9.8536,10.152,9.8088,10.188,9.9912,9.8536,9.6924,9.6924,9.6924,9.3053,9.8088,9.3053,9.8536,9.7912,9.7912,9.4574,9.7912,9.4199,9.7912,9.4199,9.9952,9.7912,9.7912,9.7912,9.6515,9.5642,9.7912,9.6174,9.0138,9.5642,9.7938,9.0138,9.4199,9.8266,9.0138,10.104,9.1731,9.7938,9.5871,9.5579,9.3974,9.3974
9.792,9.504,9.792,9.6395,9.504,9.2884,9.504,9.504,8.7818,9.1089,9.1785,9.1795,9.4822,8.957,8.957,9.1042,9.1042,9.9921,9.5718,9.5718,9.5061,9.8508,9.4936,9.7915,9.57,9.8508,9.7915,9.9901,9.8507,9.57,9.7138,9.7138,9.7138,9.2076,9.7915,9.2076,9.57,9.6767,9.6767,9.4629,9.6767,9.2501,9.6767,9.2501,9.7803,9.6767,9.6767,9.6767,9.5453,9.4053,9.6767,9.3743,8.9264,9.4053,9.3531,8.9264,9.2501,9.3736,8.9264,9.701,8.9605,9.3531,9.3998,9.3561,9.2458,9.2458
8.8029,9.8372,8.8029,9.5392,9.8372,9.1898,9.8372,9.8372,8.756,8.8853,9.1369,9.0032,9.5871,8.9056,8.9056,9.1828,9.1828,9.8481,9.3543,9.3543,9.6506,9.8342,9.4872,9.6941,9.5565,9.8342,9.6941,10.1,9.7671,9.5565,9.4464,9.4464,9.4464,9.1577,9.6941,9.1577,9.5565,9.5937,9.5937,9.1802,9.5937,9.0966,9.5937,9.0966,9.6344,9.5937,9.5937,9.5937,9.3654,9.3518,9.5937,9.5228,8.8298,9.3518,9.3012,8.8298,9.0966,9.3899,8.8298,9.2726,8.9068,9.3012,9.3204,9.3112,9.2503,9.2503
8.8189,9.6425,8.8189,9.1614,9.6425,8.9535,9.6425,9.6425,8.6872,8.8556,9.0016,9.0099,9.3063,8.8197,8.8197,9.108,9.108,9.7742,9.3057,9.3057,9.2962,9.8048,9.4635,9.6003,9.5971,9.8048,9.6003,10.012,9.6896,9.5971,9.4124,9.4124,9.4124,9.1952,9.6003,9.1952,9.5971,9.3576,9.3576,9.0851,9.3576,9.0159,9.3576,9.0159,9.5717,9.3576,9.3576,9.3576,9.315,9.1361,9.3576,9.3504,8.7602,9.1361,9.1917,8.7602,9.0159,9.2042,8.7602,9.3101,8.81,9.1917,9.2138,9.1748,9.1589,9.1589
8.7869,9.6902,8.7869,9.1048,9.6902,8.9151,9.6902,9.6902,8.7413,8.7645,8.9489,8.9227,9.3117,8.7843,8.7843,9.1289,9.1289,9.3388,9.2023,9.2023,9.3035,9.7683,9.4804,9.5958,9.5598,9.7683,9.5958,10.068,9.7166,9.5598,9.3868,9.3868,9.3868,9.1156,9.5958,9.1156,9.5598,9.3193,9.3193,9.0876,9.3193,8.9631,9.3193,8.9631,9.5022,9.3193,9.3193,9.3193,9.216,9.1787,9.3193,9.3062,8.8793,9.1787,9.1317,8.8793,8.9631,9.1334,8.8793,9.3594,8.5992,9.1317,9.0997,9.1705,8.9677,8.9677
9.0004,9.5119,9.0004,8.9589,9.5119,8.9437,9.5119,9.5119,8.7572,8.8208,8.9839,9.0476,9.2301,8.8123,8.8123,9.1402,9.1402,9.3943,9.3745,9.3745,9.2484,9.7317,9.4894,9.6552,9.4676,9.7317,9.6552,10.076,9.771,9.4676,9.369,9.4109,9.4109,9.1016,9.6552,9.1016,9.4676,9.4101,9.4101,9.1216,9.394,9.2605,9.394,9.2605,9.5273,9.394,9.394,9.394,9.2582,9.3073,9.394,9.2635,8.8898,9.3073,9.1577,8.8898,9.2605,9.1758,8.8898,9.2676,8.6024,9.1577,9.1878,9.1194,9.0854,9.0854
8.8687,9.3033,8.8687,8.8918,9.3033,8.8834,9.3033,9.3033,8.7723,8.7708,8.886,8.9481,9.1719,8.8107,8.8107,9.1409,9.1409,9.2986,9.2235,9.2235,9.2094,9.6372,9.4302,9.3722,9.4365,9.6372,9.3722,10.127,9.5997,9.4365,9.3572,9.4456,9.4456,9.0313,9.3722,9.0313,9.4365,9.2649,9.2649,9.1303,9.3137,9.1191,9.3137,9.1191,9.4599,9.3137,9.3137,9.3137,9.2239,9.1631,9.3137,9.217,8.9748,9.1631,9.1106,8.9748,9.1191,9.0612,8.9748,9.1622,8.6456,9.1106,9.092,9.0082,8.9799,8.9799
9.0832,9.0748,9.0832,8.9134,9.0748,8.8604,9.0748,9.0748,8.6979,8.7819,8.765,9.0258,8.9973,8.7849,8.7849,9.182,9.182,9.3658,9.2094,9.2094,9.1107,9.5329,9.3348,9.5385,9.2778,9.5329,9.5385,9.9432,9.6067,9.2778,9.3041,9.4206,9.4206,9.0386,9.5385,9.0386,9.2778,9.2196,9.2196,9.1285,9.1517,9.1818,9.1517,9.1818,9.3708,9.1517,9.1517,9.1517,9.1115,9.1061,9.1517,9.063,8.7948,9.1061,9.1108,8.9294,9.1818,9.0223,8.7948,9.0925,8.5554,9.1108,9.021,8.9937,9.0047,9.0047
8.9133,8.6409,8.9133,8.8371,8.6409,8.7977,8.6409,8.6409,8.7603,8.7293,8.8438,8.8368,9.1379,8.7963,8.7963,9.0508,9.0508,9.1505,9.1607,9.1607,9.1781,9.4203,9.2752,9.3358,9.3297,9.4203,9.3358,9.9401,9.4954,9.3297,9.236,9.3357,9.3357,8.9949,9.3358,8.9949,9.3297,9.1487,9.1487,9.0989,9.1412,9.1234,9.1412,9.1234,9.3157,9.1412,9.1412,9.1412,9.1681,9.0897,9.1412,9.0933,8.9239,9.0897,9.1622,9.0285,9.1234,8.9809,8.9239,8.859,8.784,9.1622,9.0195,9.004,8.9688,8.9688
9.0758,8.6672,9.0758,8.8345,8.6672,8.7622,8.6672,8.6672,8.6634,8.6673,8.8648,8.8953,8.9665,8.7554,8.7554,9.1322,9.1322,9.1827,9.1748,9.1748,9.0367,9.3437,9.2299,9.2748,9.1397,9.3437,9.2748,9.9699,9.353,9.1397,9.2118,9.2617,9.2617,8.9679,9.2748,8.9679,9.5924,9.0987,9.0987,8.947,9.0331,9.1442,9.0331,9.1442,9.2396,9.0331,9.0331,9.0331,9.0858,9.0698,9.0331,8.9791,8.8363,9.0698,8.9562,9.0338,9.1442,8.8974,8.8363,8.968,8.9338,8.9562,8.8993,8.9965,8.9479,8.9479
8.8797,8.6474,8.8797,8.9048,8.6474,8.739,8.6474,8.6474,8.7211,8.7152,8.8307,8.8985,9.0686,8.7858,8.7858,9.1623,9.1623,9.0582,9.1401,9.1401,9.0825,9.3373,9.2249,9.2063,9.2147,9.3373,9.2063,9.9216,9.3771,9.2147,9.2544,9.3064,9.3064,9.0066,9.2063,9.0066,9.5674,9.0546,9.0546,8.9939,9.0355,8.9676,9.0355,8.9676,9.2092,9.0897,9.0355,9.0897,9.141,9.0372,9.0897,8.9967,9.0157,9.0372,9.0049,9.0064,8.8767,9.0059,9.0157,8.995,8.9971,9.0049,8.8798,8.8976,8.96,8.96
8.7294,8.7212,8.7294,8.7768,8.7212,8.7482,8.7212,8.7212,8.6861,8.791,8.8525,8.9438,8.9754,8.9233,8.9233,9.1927,9.1927,9.1791,9.2161,9.2161,9.0287,9.3299,9.2569,9.2706,9.2779,9.3299,9.2706,9.8903,9.4194,9.2779,9.2932,9.276,9.276,8.9902,9.2706,8.9565,9.4775,8.9641,8.9641,9.0405,9.0825,9.1253,9.0825,9.1253,9.2098,9.1409,9.0825,9.1409,9.1482,9.0597,9.1409,8.9488,9.0304,9.0597,8.9327,9.1201,9.0214,8.9221,9.0304,8.97,9.0437,8.9327,8.9259,8.914,8.9491,8.9491
8.7068,8.8049,8.7068,8.8356,8.8049,8.8129,8.8049,8.8049,8.876,8.9148,8.9604,9.0018,9.0937,8.9272,8.9272,9.2481,9.2481,9.2276,9.2232,9.2232,9.0705,9.4991,9.376,9.256,9.3768,9.4991,9.256,9.8309,9.2942,9.3768,9.3874,9.3294,9.3294,9.0454,9.256,8.9949,9.3436,9.1486,9.1486,9.178,9.1676,9.2712,9.1676,9.2712,9.2151,9.1589,9.1676,9.1589,9.1753,9.1782,9.1589,9.007,9.1491,8.9903,8.9971,9.2056,9.1906,8.9514,9.1491,8.9918,9.1434,8.9971,9.0026,8.9712,9.003,9.003
9.0048,9.1131,9.0048,9.1724,9.1131,9.1791,9.1131,9.1131,9.1767,9.4042,9.4397,9.4485,9.4965,9.3731,9.3731,9.5498,9.5498,9.4138,9.6366,9.6366,9.4546,9.6711,9.6453,9.4848,9.77,9.6711,9.4848,9.6599,9.6378,9.77,9.7098,9.7047,9.7047,9.4735,9.4848,9.4372,9.6736,9.5321,9.5321,9.4957,9.5087,9.5386,9.5087,9.5386,9.626,9.5582,9.5087,9.5582,9.5008,9.3468,9.5582,9.1963,9.4044,9.143,9.2594,9.4492,9.3956,9.345,9.4044,9.1688,9.2102,9.2594,9.1813,9.1725,9.1086,9.1086
9.3368,9.079,9.3368,9.383,9.079,9.3168,9.079,9.079,9.4201,9.8192,9.7892,9.6655,9.5538,9.5664,9.5664,9.636,9.636,9.4937,9.6733,9.6733,9.7184,9.8404,9.7732,9.7001,9.8322,9.8404,9.7001,9.7183,9.7697,9.8322,9.8327,9.8671,9.8671,9.6119,9.7001,9.6327,9.7365,9.7012,9.7012,9.5715,9.564,9.534,9.564,9.534,9.9036,9.6793,9.564,9.6793,9.7329,9.5051,9.6793,9.4821,9.4926,9.2703,9.4234,9.5321,9.5226,9.3476,9.4926,9.3343,9.2577,9.4234,9.1168,9.26,9.1627,9.1627
9.198,8.9748,9.198,9.2647,8.9748,9.3219,8.9748,8.9748,9.5202,9.7902,10.048,9.735,9.9002,9.6697,9.6697,9.7148,9.7148,9.74,9.9442,9.9442,9.8349,9.8277,9.8539,9.9152,9.8324,9.8277,9.9152,9.8554,9.9002,9.8324,10.014,9.7949,9.7949,9.8036,9.9152,9.6896,9.8382,9.9562,9.9562,9.9712,9.6965,9.578,9.6965,9.578,10,9.8972,9.6965,9.8972,9.6752,9.766,9.8972,9.6237,9.6292,9.4588,9.3745,9.4552,9.4342,9.4154,9.6292,9.4987,9.3683,9.3745,9.3087,9.3364,9.3116,9.3116
9.2622,9.2186,9.2622,9.5625,9.2186,9.3043,9.2186,9.2186,9.4896,10.206,9.864,10.094,10.145,10.181,10.181,10.025,10.025,9.9318,10.06,10.06,9.7953,10.027,9.9538,10.289,9.9068,10.027,10.289,10.001,10.153,9.9068,10.108,9.8694,9.8694,10.164,10.289,10.048,9.9588,10.309,10.309,9.9238,9.8389,9.5131,9.8389,9.5131,10.037,10.181,9.802,10.181,9.9638,9.846,10.181,9.8386,9.851,9.4632,9.4591,9.3967,9.6202,9.5023,9.851,9.5186,9.257,9.4591,9.3611,9.4371,9.3138,9.3138
9.1849,9.4428,9.1849,9.6245,9.4428,9.4027,9.4428,9.4428,9.5693,10.072,10.438,10.184,10.11,10.388,10.388,9.9514,9.9514,10.093,10.3,10.3,10.034,10.023,10.158,10.564,10.043,10.023,10.564,10.343,10.185,10.043,10.146,9.9364,9.9364,10.408,10.564,10.003,10.052,10.535,10.535,10.027,10.113,9.5852,10.113,9.5852,9.8924,10.516,9.9154,10.516,10.189,9.8105,10.516,10.121,9.9994,9.5269,9.5397,9.5266,9.9254,9.5496,9.9994,9.6912,9.5419,9.5397,9.4779,9.6219,9.4553,9.4553
9.588,9.3812,9.588,9.693,9.3812,9.4542,9.3812,9.3812,9.7682,10.048,12.16,10.632,10.232,10.454,10.454,10.137,10.137,10.148,10.425,10.425,10.206,10.227,10.217,10.949,10.107,10.227,10.949,10.395,10.158,10.107,10.271,10.035,10.035,10.395,10.949,9.913,10.034,10.61,10.61,10.14,10.34,9.841,10.34,9.841,9.913,10.651,9.968,10.651,10.209,9.8769,10.651,10.184,10.033,9.6111,9.6203,9.4717,9.977,9.577,10.033,9.6131,9.5492,9.6203,9.5456,9.699,9.5066,9.5066
9.4995,9.4573,9.4995,9.8303,9.4573,9.4865,9.4573,9.4573,9.8426,10.252,11.902,10.669,10.225,10.55,10.55,10.279,10.279,10.173,10.528,10.528,10.309,10.494,10.374,10.897,10.172,10.494,10.897,10.626,10.254,10.172,10.321,10.011,10.011,10.51,10.897,10.174,10.173,10.914,10.914,10.111,10.68,9.9885,10.68,9.9885,10.313,10.981,10.062,10.981,10.037,10.027,10.981,10.227,10.225,9.7686,9.8303,9.871,9.823,9.7325,10.225,9.718,9.5676,9.8303,9.608,9.8283,9.5537,9.5537
9.5419,9.5796,9.5419,9.8628,9.5796,9.5618,9.5796,9.5796,9.897,10.324,11.864,10.717,10.283,10.626,10.626,10.42,10.42,10.388,10.665,10.665,10.326,10.512,10.378,10.69,10.258,10.512,10.69,10.662,10.349,10.258,10.415,10.249,10.249,10.547,10.69,10.415,10.287,11.184,11.184,10.186,11.069,9.92,11.069,9.92,10.469,10.775,10.131,10.775,10.43,10.208,10.775,10.058,10.413,9.8507,9.949,9.939,10.115,9.8338,10.413,9.9,9.6561,9.949,9.7055,9.969,9.5626,9.5626
9.5098,9.482,9.5098,9.9076,9.482,9.7013,9.482,9.482,9.8727,10.339,10.089,10.25,10.353,10.729,10.729,10.457,10.457,10.311,10.758,10.758,10.18,10.627,10.418,10.285,10.206,10.627,10.285,10.61,10.322,10.206,10.403,9.67,9.67,10.296,10.285,10.372,10.241,10.766,10.766,10.673,10.815,9.3138,10.815,9.3138,10.711,10.747,10.489,10.747,10.416,10.014,10.747,10.305,10.349,10.002,10.004,9.6306,9.4757,9.744,10.349,9.8495,9.3902,10.004,9.6681,9.9986,9.5745,9.5745
9.5607,9.5443,9.5607,9.96,9.5443,9.755,9.5443,9.5443,10.011,10.248,10.379,10.618,10.418,10.799,10.799,10.768,10.768,10.315,10.622,10.739,10.238,10.315,10.331,10.367,10.104,10.315,10.367,10.63,10.443,10.104,10.457,9.3509,9.3509,10.805,10.367,10.874,10.473,10.794,10.794,10.826,10.987,9.7765,10.987,9.7765,10.727,10.589,10.103,10.589,10.749,10.206,10.589,10.326,10.71,10.09,10.194,10.344,10.077,9.94,10.71,9.925,9.3023,10.194,9.8181,10.29,9.6933,9.6933
9.2474,9.3701,9.2474,9.8607,9.3701,9.7305,9.3701,9.3701,9.8465,10.036,10.526,10.738,10.376,10.943,10.943,10.695,10.695,10.228,10.509,10.53,10.079,10.068,10.146,10.134,10.189,10.068,10.134,10.389,10.339,10.189,10.532,9.7935,9.7935,10.901,10.134,11.987,10.386,10.398,10.398,10.308,10.746,10.05,10.434,10.05,10.457,10.431,9.9295,10.431,10.223,10.171,10.431,10.107,10.4,10.189,10.228,10.283,10.103,9.9075,10.4,9.9135,9.6086,10.228,9.8541,10.303,9.6789,9.6789
9.2832,9.5621,9.2832,10.005,9.5621,9.8113,9.5621,9.5621,9.9259,10.514,10.521,11.617,10.459,10.732,10.732,10.552,10.552,10.11,10.479,10.401,10.067,9.9589,10.112,10.255,10.184,9.9589,10.255,10.763,10.274,10.184,10.291,9.5249,9.5249,10.922,10.255,11.976,10.421,10.302,10.302,10.51,10.82,10.283,10.724,10.283,10.509,10.538,10.1,10.538,10.23,10.082,10.538,10.144,10.33,10.246,10.341,10.541,10.352,9.8873,10.33,9.9879,9.6141,10.341,10.01,10.236,9.798,9.798
9.456,9.8948,9.456,10.006,9.8948,9.8073,9.8948,9.8948,9.7717,10.591,10.644,12.208,10.7,10.734,10.734,10.588,10.582,10.073,10.442,10.44,10.116,10.139,10.036,10.181,10.186,10.139,10.181,10.916,10.32,10.186,10.58,9.3178,9.3178,11.649,10.181,11.997,10.403,10.273,10.273,10.304,10.526,10.025,10.566,10.025,10.585,10.598,9.9533,10.598,10.294,10.114,10.598,10.153,10.625,10.357,10.56,10.26,10.624,9.9783,10.257,10.004,9.9233,10.018,10.198,10.258,10.049,10.049
9.1048,9.6465,9.1048,9.6998,9.6465,9.5664,9.6465,9.6465,9.3967,10.361,13.256,11.135,9.8855,10.424,10.424,10.132,10.318,9.7903,10.026,10.047,9.7189,9.7713,9.7032,9.849,9.7809,9.7713,9.849,10.236,9.9758,9.7809,9.7303,9.4923,9.4923,11.207,9.849,10.504,10.035,9.9398,9.9398,9.8048,10.105,10.171,9.9328,10.171,10.416,10.541,9.873,10.541,9.9828,9.9418,10.541,9.8124,10.015,10.023,10.169,9.8964,9.9678,9.8035,10.163,9.7765,9.7484,9.7145,9.8548,10.081,9.8076,9.8076
8.8542,9.4222,8.8542,9.3505,9.4222,9.418,9.4222,9.4222,9.4883,10.716,13.112,9.6613,9.5666,10.013,10.013,9.8721,9.8177,9.4572,9.6058,9.7674,9.3253,9.5379,9.4638,9.4048,9.6062,9.5379,9.4048,9.5676,9.6777,9.6062,9.5549,9.6657,9.6657,10.728,9.4048,9.774,9.5468,10.031,10.031,9.6385,9.5735,9.9672,9.5749,9.9672,9.9182,10.066,9.5717,9.5326,9.5522,9.8087,10.066,9.5825,9.6317,9.6435,9.9112,10.14,9.6041,9.6165,9.8038,9.5726,9.5188,9.4432,9.4992,9.871,9.673,9.673
8.8532,9.2175,8.8532,9.25,9.2175,9.4352,9.2175,9.2175,9.4551,11.114,9.6697,9.5077,9.4304,9.8978,9.8978,9.6306,9.471,9.4647,9.4502,9.6285,9.2261,9.6123,9.4743,9.3484,9.4692,9.6123,9.3484,9.6718,9.5294,9.4692,9.6056,9.5558,9.5558,9.7071,9.3484,9.4701,9.413,10.017,10.017,9.4822,9.7411,9.7653,9.9776,9.7653,9.8785,9.7562,9.4263,9.5173,9.5125,9.6854,9.7562,9.5139,9.6172,9.5539,9.8359,9.5325,9.6713,9.4739,9.3536,9.4997,9.6268,9.4155,9.5307,9.7125,9.5904,9.5904
8.9404,9.1983,8.9404,9.3193,9.1983,9.4403,9.1983,9.1983,9.1783,12.482,9.1684,9.4546,9.4656,9.8022,9.8022,9.6467,9.5378,9.435,9.4085,9.6421,9.1679,9.64,9.4709,9.2433,9.5361,9.64,9.2433,9.342,9.7793,9.5361,9.8075,9.7689,9.7689,9.5577,9.2433,9.5482,9.7534,9.7891,9.7891,9.353,9.6593,9.6771,9.7467,9.6771,9.6157,9.4686,9.258,9.413,9.4952,9.8538,9.4686,9.4147,9.6017,9.542,10.18,9.6335,9.7808,9.424,9.3582,9.496,9.6213,9.3069,9.3424,9.7196,9.5714,9.5714
9.1341,9.3132,9.1341,9.2852,9.3132,9.1582,9.3132,9.3132,8.7343,10.395,9.2045,9.4369,9.3203,9.6515,9.6515,9.5219,9.6184,9.2573,9.4236,9.5185,9.1465,9.4413,9.2645,9.326,9.4665,9.4413,9.326,9.2844,9.7009,9.4665,9.6284,9.5752,9.5752,9.4873,9.326,9.404,9.6681,9.5792,9.5792,9.3535,9.4788,9.7995,9.5684,9.7995,9.5104,9.3204,9.3055,9.308,9.4275,10.055,9.3204,9.3614,9.5103,9.3894,9.6746,9.5267,9.6391,9.2819,9.2857,9.3846,9.7157,9.2258,9.2517,9.5556,9.4845,9.4845
9.052,9.399,9.052,9.2028,9.399,9.1528,9.399,9.1237,8.726,9.3051,8.9339,9.3537,9.3845,9.419,9.419,9.4519,9.5174,9.1548,9.3001,9.4374,9.117,9.3096,9.2616,9.3875,9.29,9.3096,9.3875,9.3002,9.5612,9.29,9.798,9.52,9.52,9.3916,9.3875,9.4078,9.4951,9.4532,9.4532,9.3328,9.5734,9.5816,9.3844,9.5816,9.4474,9.265,9.3029,9.1858,9.2371,9.4527,9.265,9.223,9.3605,9.305,9.3874,9.4178,9.3598,9.2634,9.1856,9.342,9.5125,9.1918,9.2034,9.3611,9.455,9.2972
8.8438,9.065,8.8438,8.9987,9.065,8.9615,9.065,9.0928,8.733,8.9915,8.9314,9.3126,9.3772,9.3348,9.3348,9.4984,9.3587,9.1257,9.2364,9.3752,9.0386,9.3241,9.3217,9.3551,9.3117,9.3241,9.3551,9.4495,9.4394,9.3117,9.3248,9.5487,9.5487,9.3865,9.3551,9.4282,9.4579,9.2863,9.2863,9.2902,9.2675,9.3703,9.174,9.3703,9.5435,9.219,9.1695,9.1533,9.2327,9.3219,9.219,9.2099,9.2951,9.3068,9.2794,9.3771,9.1356,9.1924,9.1807,9.2884,9.4283,9.173,9.1399,9.3019,9.348,9.2815
8.6278,9.0552,8.6278,8.9051,9.0552,9.1493,9.0552,8.993,8.7599,8.7533,8.7865,9.045,9.5053,9.0937,9.0937,9.3053,9.345,9.1086,9.2147,9.2494,9.1249,9.3338,9.2508,9.0716,9.2374,9.3338,9.0716,9.3223,9.2647,9.2374,9.2826,9.247,9.247,9.4256,9.0716,9.3654,9.3616,9.1491,9.1491,9.3268,9.3899,9.0577,9.1431,9.0577,9.5131,9.1464,9.0913,9.1626,9.1541,9.2213,9.1879,9.1892,9.2402,9.1712,9.2024,9.1383,9.0738,9.2281,9.1401,9.2158,9.2086,9.1376,9.1168,9.186,9.3248,9.1574
8.5677,9.1736,8.5677,8.7893,9.1736,8.9624,9.1736,8.8465,8.6917,8.6368,8.5963,8.9812,9.1908,8.9225,8.9225,9.2096,9.315,9.0146,8.9421,9.2073,8.9602,9.1829,9.0362,8.9101,9.1109,9.1829,8.9101,9.1173,9.0818,9.1109,9.1546,8.9704,8.9704,9.2265,8.9101,9.1383,9.1291,9.0287,9.0287,9.0989,8.9256,8.9747,8.8791,8.9747,9.3408,8.9439,9.0085,8.8995,8.9687,8.9437,9.1236,8.9779,9.0351,9.0332,9.0435,8.9724,8.9299,9.0105,8.9804,9.0692,9.0497,9.0001,8.9686,8.9754,9.1915,9.0664
8.4706,8.9809,8.4706,8.8215,8.9809,8.9568,8.9809,8.9256,8.831,8.6937,8.6841,9.0398,9.1857,8.9145,8.9145,9.1744,9.1304,8.9554,9.0471,9.1958,8.9935,9.1087,9.0483,8.8412,9.1666,9.1963,8.8412,8.9733,9.0309,9.1666,9.1979,8.9082,8.9082,9.2534,8.8412,9.1695,9.1894,9.0876,9.0876,9.0693,8.853,8.9326,8.908,8.9326,9.2499,8.9641,8.9374,9.0006,8.9609,8.9817,9.2037,9.0294,9.1941,9.0235,9.055,9.0218,8.9254,8.9574,8.9177,9.0401,9.0666,9.0547,9.0024,9.032,9.0634,9.0291
8.6831,9.011,8.6831,8.8562,9.011,8.9883,9.011,8.9829,8.7799,8.7759,8.7702,9.1022,9.1476,8.9662,8.9662,9.0693,9.12,8.9372,8.9853,9.1065,8.8702,9.039,8.9627,8.9344,9.0888,9.267,8.9344,9.0509,9.172,9.0888,9.1304,8.9832,8.9832,9.3079,8.9344,9.0129,9.2189,9.1149,9.1149,9.0253,8.9109,9.0246,8.9153,9.0246,9.2189,8.9233,8.8753,8.9225,9.0193,9.0425,9.2045,8.9936,9.1755,9.0982,9.024,8.9797,8.9871,8.988,8.9778,9.0456,9.04,9.0925,9.0561,9.0884,9.0047,8.9903
8.7603,9.0293,8.7603,8.7937,9.0293,8.8815,9.0293,8.9805,8.7819,8.8038,8.8854,9.1052,9.0524,9.001,9.001,9.0957,9.1598,8.9695,8.9121,9.0502,8.8468,9.0627,9.0067,9.0037,9.1902,9.2583,9.0037,8.9925,9.1583,9.1902,9.1152,9.0664,9.0664,9.0617,9.0037,8.9243,9.193,9.145,9.145,9.03,8.927,9.0395,8.9993,9.0395,9.0788,9.0394,8.9861,8.9628,9.0618,8.9121,9.1249,9.0253,9.1363,8.9777,9.089,8.9978,9.0552,9.0297,9.0275,9.0144,8.9891,9.0911,9.0695,9.0918,8.9456,9.093
8.8866,8.8716,8.8866,8.7588,8.8716,8.839,8.8716,8.8633,8.7997,8.8168,8.8371,9.0819,9.0545,8.9731,8.9731,9.0824,9.1473,8.9705,8.8705,9.0382,8.8766,9.0949,8.9622,8.9444,9.1176,9.152,8.9444,8.972,9.0754,9.1176,9.0954,8.9281,8.9281,9.1097,8.9444,8.9772,9.0632,9.2345,9.2345,9.0082,8.8992,8.9778,8.9571,8.9682,9.0806,9.0223,8.947,9.0171,9.0062,9.0694,9.0012,9.0547,9.0401,9.0298,9.0514,8.9956,8.9845,9.0647,8.9784,9.0877,8.9142,9.0966,9.0693,9.0553,9.029,8.2873
8.5523,8.6412,8.5523,8.7367,8.7184,8.8372,8.6412,8.8486,8.6809,8.8399,8.7699,9.0275,9.0325,8.935,8.935,9.0023,9.1181,8.9035,8.8211,9.0009,8.7984,9.0127,8.8537,8.8474,8.9827,9.1217,8.8474,8.921,8.9144,9.0221,8.939,8.7907,8.7907,9.1086,8.8474,8.9397,8.9688,9.1401,9.1401,8.9053,8.9428,8.8752,8.8863,8.9804,9.0194,8.8914,8.9031,8.8073,8.8943,8.97,9.0387,8.9221,8.9761,8.9926,9.0846,8.9632,9.0106,9.0307,9.0472,8.9914,8.9951,9.0554,8.9629,9.0852,8.9599,9.0568
8.5921,8.7515,8.5921,8.7301,8.6603,8.6986,8.7515,8.7436,8.5975,8.7515,8.7779,8.9187,8.9346,8.8898,8.8898,8.9622,9.0593,8.8901,8.7476,8.9305,8.6935,8.9793,8.9112,8.8192,8.9942,9.009,8.8192,8.8789,8.7935,9.0615,8.9073,8.7851,8.7851,9.0354,8.8192,8.9359,8.9052,9.0353,9.0353,8.9651,8.8087,8.8598,8.7719,9.0146,8.9879,8.7651,8.9084,8.7237,8.8286,9.0637,9.0223,8.8689,9.0728,8.8959,9.0527,9.0093,9.0095,8.8755,8.9364,8.9163,8.9911,8.9789,8.8991,9.0034,8.9192,8.9394
8.6535,8.6528,8.6535,8.7304,8.6722,8.6899,8.8641,8.7052,8.6667,8.7981,8.7202,8.8735,8.904,8.894,8.894,8.9004,8.9806,8.8641,8.7847,8.9074,8.6929,8.9026,8.8979,8.8161,8.8967,9.1017,8.8124,8.834,8.8283,8.9771,8.9561,8.7886,8.7886,9.0041,8.8124,8.9657,8.9106,9.0099,9.0099,8.8509,8.8876,8.9259,8.7703,9.0178,8.9945,8.8635,8.8809,8.7976,8.8883,9.0382,8.9622,8.8744,8.9829,8.9549,9.0149,8.9443,8.8873,8.8985,8.9296,8.8802,8.9991,8.9915,8.7943,8.9346,8.9228,8.8935
8.7568,8.7292,8.7568,8.7878,8.7432,8.7016,8.9242,8.7745,8.713,8.8017,8.7168,8.9462,8.9405,8.9091,8.9091,8.9759,9.1053,8.974,8.8987,8.9835,8.8148,9.0092,8.9855,8.7696,9.0051,9.1852,8.8877,8.8723,8.8818,8.8889,8.9297,8.8952,8.8952,9.1256,8.8877,8.9113,8.9068,8.9716,8.9716,9.0211,8.9858,9.0029,8.8578,9.0626,9.0061,8.8485,9.0096,8.8571,8.9563,9.0823,8.9882,8.9436,9.0771,9.0128,8.9968,8.9948,9.0084,8.9894,9.0187,8.9909,9.0215,9.0228,8.902,8.9458,9.0357,8.9382
8.9207,8.8793,8.9207,8.9986,8.9137,8.9995,9.0678,9.0489,8.9024,9.0917,9.3049,9.4594,9.4607,9.4504,9.4504,9.3804,9.4538,9.3459,9.174,9.2407,9.193,9.3444,9.4456,9.1806,9.3691,9.5351,9.2582,9.1502,9.1986,9.4019,9.3076,9.321,9.321,9.4874,9.2582,9.0804,9.3109,9.211,9.211,9.4284,9.4162,9.3996,9.1437,9.4533,9.349,9.1099,9.5499,9.2456,9.2876,9.6588,9.214,9.2585,9.2854,9.3882,9.3583,9.3174,9.479,9.2476,9.3514,9.3427,9.2986,9.3347,9.1208,9.2544,9.2235,9.1287
8.7667,8.7903,8.7667,9.0217,8.9186,9.056,9.0992,9.056,9.0496,9.1981,9.5351,9.6282,9.5921,9.5401,9.5401,9.41,9.4523,9.5624,9.2615,9.3302,9.3448,9.307,9.3504,9.4264,9.4268,9.6008,9.3903,9.2279,9.2444,9.5227,9.3254,9.339,9.339,9.3447,9.3903,9.1691,9.2699,9.3258,9.3258,9.5176,9.3681,9.6461,9.3096,9.2772,9.4132,9.2252,9.5357,9.3956,9.3315,9.9202,9.337,9.472,9.3619,9.5018,9.5094,9.4172,9.3713,9.4525,9.3763,9.4791,9.3476,9.4992,9.3113,9.3372,9.3861,9.3195
8.6547,8.8902,8.7472,8.9486,8.9959,9.1098,9.1614,9.1688,9.106,9.157,9.7192,9.7207,9.7003,9.676,9.676,9.533,9.4472,9.6402,9.3195,9.4779,9.5044,9.514,9.6019,9.5549,9.5042,9.5871,9.3278,9.3635,9.2649,9.54,9.3419,9.5293,9.5293,9.2994,9.3278,9.3924,9.3704,9.4592,9.4592,9.4985,9.4094,9.8033,9.3579,9.1649,9.7431,9.2441,9.5556,9.2831,9.447,9.7621,9.4117,9.4175,9.4529,9.5029,9.3728,9.4842,9.3093,9.4982,9.3683,9.5033,9.397,9.4724,9.4135,9.3625,9.3766,9.3738
8.8698,8.9774,8.881,8.977,9.0291,9.1556,9.1086,9.187,9.0809,9.4905,9.9534,9.7173,9.8318,9.7025,9.7025,9.6899,9.6221,9.6223,9.362,9.3863,9.5512,9.4716,9.6561,9.4709,9.5507,9.5381,9.4646,9.4959,9.4518,9.5524,9.3994,9.5734,9.5734,9.3563,9.4646,9.3693,9.3572,9.4528,9.4528,9.5537,9.4819,9.9354,9.3371,9.315,10.549,9.3576,9.5875,9.4153,9.4654,9.8645,9.5043,9.6286,9.4707,9.574,9.5452,9.4359,9.1813,9.5598,9.4964,9.4688,9.3224,9.5349,9.4131,9.347,9.3749,9.3608
9.1319,9.1351,9.0769,9.1259,9.2465,9.1584,9.2764,9.3189,9.2203,10.006,10.229,9.8272,9.9245,9.8995,9.8995,9.8891,9.7244,9.7201,9.5339,9.4474,9.7316,9.7228,9.7682,9.4848,9.5568,9.6737,9.4853,9.5935,9.4356,9.8196,9.569,9.5453,9.5453,9.7517,9.4853,9.6189,9.6677,9.5568,9.5568,9.7852,9.5389,10.005,9.5639,9.3553,10.157,9.4631,10.048,9.5891,9.7459,10.03,9.6915,9.8458,9.571,9.8244,9.6657,9.6189,9.385,9.7576,9.5536,9.5823,9.5254,9.6898,9.5798,9.4843,9.5567,9.5067
9.0148,9.1735,9.2466,9.1033,9.2854,9.1733,9.3319,9.3353,9.2821,10.214,10.254,9.9735,10.266,10.017,10.017,9.9066,9.9245,9.7203,9.886,9.6198,9.8513,9.9048,9.8162,9.6068,9.6572,10.094,9.6521,9.8274,9.4155,10.055,9.5264,9.5375,9.5375,9.8172,9.6521,9.7008,9.6502,10.211,9.5692,9.9955,9.8122,9.7992,9.5775,9.4405,10.101,9.5454,10.101,9.5509,9.8,10.587,10.277,9.8144,9.8529,10.319,9.8686,9.7088,9.4228,9.8855,9.5101,9.7215,9.5888,9.709,9.6573,9.546,9.7183,9.6039
9.0157,9.04,8.825,9.0729,9.1023,9.1157,9.2811,9.4015,9.3894,10.281,9.8947,9.9535,10.248,10.107,10.107,9.9325,9.9985,9.7673,9.8104,9.6684,9.9355,9.9995,9.8193,9.6831,9.768,10.4,9.6733,9.7807,9.5728,10.164,9.5642,9.4614,9.4614,10.005,9.4777,9.9365,9.5043,9.9139,10.225,9.9605,9.8747,9.6796,9.5201,9.3923,10.208,10.183,10.107,9.6914,9.833,10.596,10.524,9.7805,9.6914,10.45,10.023,9.789,9.4934,9.9038,9.6357,9.7841,9.6498,9.7348,9.6362,9.6178,9.6927,9.6417
9.093,9.0098,8.9347,8.9707,8.9719,9.0549,9.2417,9.2657,9.4833,10.411,9.7992,9.8849,10.091,9.9446,9.9446,9.9786,9.9776,9.7473,9.5228,9.5299,9.9146,10.055,9.912,9.5679,9.6579,10.439,9.504,9.7247,9.7098,10.247,9.6885,9.4406,9.4853,10.29,9.4063,9.9826,9.507,9.6646,9.4525,9.9506,9.6297,9.5902,9.5025,9.5471,9.6452,10.946,9.9316,9.8884,9.7039,10.527,10.606,9.7157,9.8174,9.9092,9.8958,10.01,9.5555,9.7941,9.6786,9.7418,9.7609,9.6556,9.5837,9.6388,9.6978,9.5153
9.0346,9.0394,8.9369,8.7774,9.0559,9.1026,9.1803,9.1807,9.4268,10.443,9.8279,9.9336,10.029,10.039,10.039,10.068,9.9114,9.8222,9.5413,9.5033,9.8182,10.012,10.317,9.564,10.032,10.435,9.4804,9.9211,9.4459,10.11,9.747,9.5495,9.528,10.153,9.5512,9.9276,9.8842,9.7819,9.5084,9.8686,9.6241,9.6752,9.7252,9.2658,9.6463,11.192,9.7214,10.296,9.8249,10.311,10.54,9.724,9.8692,9.9326,9.8588,9.854,9.4221,9.8256,9.6975,10.397,9.8161,9.6723,9.7325,9.6933,9.525,9.5152
9.0847,9.1363,9.2787,8.9038,9.058,9.1843,9.1356,9.156,9.4693,10.535,10.011,9.9725,9.9475,10.077,9.9655,10.209,9.9815,9.8104,9.5069,9.5167,9.9011,10.044,10.45,9.6956,10.447,10.595,9.5256,10.097,9.4033,10.17,9.7434,9.753,9.9249,10.418,9.4399,9.9695,10.13,9.7177,9.5624,9.9635,9.5997,9.9004,9.8077,9.7651,10.042,11.173,9.9895,10.539,9.9068,10.416,11.306,9.8839,10.111,9.9545,10.092,9.7825,9.7015,9.79,9.8938,10.715,9.9053,9.7172,9.8508,9.8444,9.5771,9.5381
